COMM,ACTS,REG,value
FRS,AGR-a,CHN,224.88611686653326
FRS,AGR-a,XEA,90.99459615667772
FRS,AGR-a,USA,25.0306514085657
FRS,AGR-a,RUS,46.07359953969717
FRS,AGR-a,EUR,384.53285671183295
FRS,AGR-a,XOE,593.1521120133293
FRS,AGR-a,OPC,588.7366994174412
FRS,AGR-a,SAS,84.78088102463994
FRS,AGR-a,XLC,167.83269689011954
FRS,AGR-a,ROW,251.8195540575119
FRS,FRS-a,CHN,2500.2190276563333
FRS,FRS-a,XEA,274.0899306567999
FRS,FRS-a,USA,619.8114194098389
FRS,FRS-a,RUS,41.05562210083008
FRS,FRS-a,EUR,8522.662386508307
FRS,FRS-a,XOE,4000.7126598358154
FRS,FRS-a,OPC,1584.762139945873
FRS,FRS-a,SAS,33.27249718771891
FRS,FRS-a,XLC,1427.992281265851
FRS,FRS-a,ROW,822.3764762848095
FRS,COA-a,CHN,1111.7950786685624
FRS,COA-a,XEA,90.46695664819849
FRS,COA-a,USA,36.36114407447254
FRS,COA-a,RUS,303.2086137319247
FRS,COA-a,EUR,36.01950855786379
FRS,COA-a,XOE,37.67418850958347
FRS,COA-a,OPC,3.891473716409651
FRS,COA-a,XLC,0.34172605662112304
FRS,COA-a,ROW,141.77386174376946
FRS,OIL-a,CHN,2.3582276320067392
FRS,OIL-a,XEA,2.9949508036739156
FRS,OIL-a,USA,0.82449106125033
FRS,OIL-a,RUS,34.64008712768555
FRS,OIL-a,EUR,9.5080284415795
FRS,OIL-a,XOE,10.256720439181663
FRS,OIL-a,XLC,1.08716849563406
FRS,OIL-a,ROW,0.5889244335585718
FRS,GAS-a,XEA,145.63059865321085
FRS,GAS-a,RUS,4.405167929828167
FRS,GAS-a,EUR,7.9450881082853595
FRS,GAS-a,XOE,2.5381677719146722
FRS,GAS-a,OPC,5.051879493026674
FRS,GAS-a,SAS,0.13952806328414247
FRS,GAS-a,XLC,5.577716712276471
FRS,GAS-a,ROW,1.8474899866246428
FRS,OXT-a,CHN,233.15878058569925
FRS,OXT-a,XEA,44.91728541928357
FRS,OXT-a,USA,2.254481092051712
FRS,OXT-a,RUS,31.22840881347656
FRS,OXT-a,EUR,62.23763112986489
FRS,OXT-a,XOE,181.60882411617786
FRS,OXT-a,OPC,46.66391383869632
FRS,OXT-a,SAS,90.26526561748706
FRS,OXT-a,XLC,69.26707898694242
FRS,OXT-a,ROW,200.97922956551713
FRS,EIT-a,CHN,16945.034333893847
FRS,EIT-a,XEA,2253.18400120147
FRS,EIT-a,USA,551.7141487276137
FRS,EIT-a,RUS,3566.194193052615
FRS,EIT-a,EUR,7876.603616102621
FRS,EIT-a,XOE,2196.0198878813535
FRS,EIT-a,OPC,4382.05709425823
FRS,EIT-a,SAS,1519.1058711040575
FRS,EIT-a,XLC,878.4442330922232
FRS,EIT-a,ROW,1918.007125895052
FRS,XMN-a,CHN,35535.46150391878
FRS,XMN-a,XEA,11014.160554361817
FRS,XMN-a,USA,14184.7712798445
FRS,XMN-a,RUS,4334.695140380026
FRS,XMN-a,EUR,22480.63606885608
FRS,XMN-a,XOE,12785.108859690306
FRS,XMN-a,OPC,3850.8568005268376
FRS,XMN-a,SAS,4622.136561944631
FRS,XMN-a,XLC,7399.814508561533
FRS,XMN-a,ROW,5698.583077307768
FRS,P_C-a,RUS,5.177355289459228
FRS,P_C-a,EUR,11.678837523158334
FRS,P_C-a,XOE,6.82807556062471
FRS,P_C-a,SAS,2.874667279426403
FRS,P_C-a,ROW,4.089576703945224
FRS,ETD-a,CHN,0.7653236764743252
FRS,ETD-a,XEA,48.50794771090759
FRS,ETD-a,EUR,78.56668074543995
FRS,ETD-a,XOE,7.7541242545994455
FRS,ETD-a,SAS,5.145470673787465
FRS,ETD-a,XLC,4.812291266804934
FRS,ETD-a,ROW,9.231549199473765
FRS,CLP-a,XEA,6.699821911306558
FRS,CLP-a,EUR,19.471838319674134
FRS,CLP-a,XOE,2.534777499837219
FRS,CLP-a,OPC,0.056725673377513885
FRS,CLP-a,SAS,8.25314970415235
FRS,CLP-a,XLC,1.829267734298802
FRS,CLP-a,ROW,3.125514198934257
FRS,OLP-a,XEA,0.7305893510874573
FRS,OLP-a,EUR,2.5471677973098963
FRS,OLP-a,SAS,0.42541150073011863
FRS,OLP-a,XLC,1.0015538650736335
FRS,OLP-a,ROW,0.2964797986911328
FRS,GSP-a,XEA,4.957194014144206
FRS,GSP-a,EUR,4.793007270505767
FRS,GSP-a,XOE,0.7621478427618057
FRS,GSP-a,SAS,0.5347514535535547
FRS,GSP-a,XLC,0.46960838007381983
FRS,GSP-a,ROW,0.6408588820787555
FRS,NUC-a,CHN,0.06223456530942624
FRS,NUC-a,USA,0.24046418063555894
FRS,NUC-a,EUR,69.88945488724858
FRS,NUC-a,XOE,2.52814109029714
FRS,NUC-a,OPC,0.019374081864953038
FRS,NUC-a,SAS,0.6565993029693905
FRS,NUC-a,ROW,3.5917573248160264
FRS,HYD-a,CHN,0.4157402085908943
FRS,HYD-a,XEA,62.32626627817263
FRS,HYD-a,EUR,35.09731216900764
FRS,HYD-a,XOE,6.646520306916499
FRS,HYD-a,OPC,0.08315632312441146
FRS,HYD-a,SAS,1.453658496453205
FRS,HYD-a,XLC,2.3198827992204984
FRS,HYD-a,ROW,1.8482957529484108
FRS,SOL-a,CHN,0.0012423720240590473
FRS,SOL-a,XEA,9.090690411453857e-05
FRS,SOL-a,USA,0.0012741382593110628
FRS,SOL-a,EUR,0.8003323075522246
FRS,SOL-a,XOE,0.028167637801743695
FRS,SOL-a,SAS,0.021065304832061253
FRS,SOL-a,XLC,9.700126225053223e-05
FRS,SOL-a,ROW,0.005211605779125373
FRS,WND-a,CHN,0.050774219924921545
FRS,WND-a,EUR,8.499773572071945
FRS,WND-a,XOE,0.4708444955467712
FRS,WND-a,OPC,0.0032795949373394247
FRS,WND-a,SAS,0.49633542663711117
FRS,WND-a,XLC,0.06765038237197336
FRS,WND-a,ROW,0.18726327743642654
FRS,XEL-a,CHN,0.04700119364705403
FRS,XEL-a,EUR,53.37657176014227
FRS,XEL-a,XOE,0.474311023732298
FRS,XEL-a,OPC,0.03813600167632103
FRS,XEL-a,SAS,0.47699905048791374
FRS,XEL-a,XLC,1.1145321735942006
FRS,XEL-a,ROW,0.07390058534499802
FRS,SRV-a,CHN,3756.117449043226
FRS,SRV-a,XEA,4003.9364178975
FRS,SRV-a,USA,520.314589538151
FRS,SRV-a,RUS,3763.2592005725314
FRS,SRV-a,EUR,2614.1385940648443
FRS,SRV-a,XOE,2559.6934665008293
FRS,SRV-a,OPC,338.2349240941825
FRS,SRV-a,SAS,4248.959298055094
FRS,SRV-a,XLC,1442.121505517908
FRS,SRV-a,ROW,2600.2608799703075
COA,AGR-a,CHN,633.1505744382126
COA,AGR-a,XEA,1.9654430743930855
COA,AGR-a,RUS,6.351187034684699
COA,AGR-a,EUR,143.3855350118136
COA,AGR-a,XOE,11.123948922720926
COA,AGR-a,OPC,17.41933549918475
COA,AGR-a,ROW,32.02522593334813
COA,FRS-a,CHN,48.80120880395879
COA,FRS-a,XEA,1.6646829617435501
COA,FRS-a,RUS,2.3693823814392085
COA,FRS-a,EUR,15.718611288480586
COA,FRS-a,XOE,0.37732379101180413
COA,FRS-a,OPC,0.12536849151886176
COA,FRS-a,ROW,10.819325420093833
COA,COA-a,CHN,3217.0544051398597
COA,COA-a,XEA,13.720367780896412
COA,COA-a,USA,38.01085120112179
COA,COA-a,RUS,63.34061813354492
COA,COA-a,EUR,21.6985735363196
COA,COA-a,XOE,6.425801595672965
COA,COA-a,OPC,25.347718660715145
COA,COA-a,SAS,6.94154505693398
COA,COA-a,XLC,1.035431762779689
COA,COA-a,ROW,22.391154525013793
COA,OIL-a,CHN,3.4675230694125663
COA,OIL-a,XEA,0.6846492714213532
COA,GAS-a,CHN,472.4374712614434
COA,GAS-a,XEA,5.0210151530780465
COA,GAS-a,USA,279.0890024807164
COA,GAS-a,RUS,2.562894467264414
COA,GAS-a,EUR,63.44221709593561
COA,GAS-a,XOE,0.5915851068622615
COA,GAS-a,OPC,0.4959861787358637
COA,GAS-a,SAS,8.714836659493667
COA,GAS-a,XLC,0.22317661094381558
COA,GAS-a,ROW,494.2352548244093
COA,OXT-a,CHN,310.88817150324707
COA,OXT-a,XEA,20.14568448881394
COA,OXT-a,USA,2.104060425504965
COA,OXT-a,RUS,1.6206934452056885
COA,OXT-a,EUR,19.159970725870608
COA,OXT-a,XOE,42.488397509849165
COA,OXT-a,OPC,155.54466096986906
COA,OXT-a,SAS,9.993440130732598
COA,OXT-a,XLC,1.295709738276567
COA,OXT-a,ROW,45.80570003676489
COA,EIT-a,CHN,21431.50467110995
COA,EIT-a,XEA,2442.591772948568
COA,EIT-a,USA,1945.1311995375108
COA,EIT-a,RUS,169.5340979525641
COA,EIT-a,EUR,1283.1225519564202
COA,EIT-a,XOE,553.9641337044335
COA,EIT-a,OPC,770.9583584644519
COA,EIT-a,SAS,2314.896287493837
COA,EIT-a,XLC,235.25453702598315
COA,EIT-a,ROW,1159.1439211942393
COA,XMN-a,CHN,3418.6802473979737
COA,XMN-a,XEA,523.756980071532
COA,XMN-a,USA,620.5897355278148
COA,XMN-a,RUS,26.9891773192212
COA,XMN-a,EUR,196.96563916731995
COA,XMN-a,XOE,157.06988012788398
COA,XMN-a,OPC,127.54669358653204
COA,XMN-a,SAS,240.46130191594557
COA,XMN-a,XLC,43.88716139050081
COA,XMN-a,ROW,136.20657815236206
COA,P_C-a,CHN,28901.399744015496
COA,P_C-a,XEA,11.240081850156907
COA,P_C-a,USA,1299.5283916907954
COA,P_C-a,RUS,2474.5950335052594
COA,P_C-a,EUR,2891.4962562672417
COA,P_C-a,XOE,919.7198329131156
COA,P_C-a,OPC,354.25060157023904
COA,P_C-a,SAS,201.07097843900317
COA,P_C-a,XLC,167.6413274506084
COA,P_C-a,ROW,5362.450404638873
COA,ETD-a,OPC,1.4784213743251045
COA,ETD-a,XLC,1.12610801138812
COA,ETD-a,ROW,1.3475489815758968
COA,CLP-a,CHN,82869.12439142469
COA,CLP-a,XEA,4872.934888903743
COA,CLP-a,USA,61342.747550159744
COA,CLP-a,RUS,7712.608806956409
COA,CLP-a,EUR,19055.36091097318
COA,CLP-a,XOE,9737.79101113462
COA,CLP-a,OPC,1440.3528067809077
COA,CLP-a,SAS,7537.203730882315
COA,CLP-a,XLC,675.2458927640428
COA,CLP-a,ROW,13312.56289920891
COA,OLP-a,OPC,43.31016210005089
COA,OLP-a,XLC,17.070937909905364
COA,GSP-a,OPC,0.6992982819809597
COA,XEL-a,EUR,35.796283187371095
COA,XEL-a,XLC,0.023598169966085557
COA,SRV-a,CHN,2512.6007300814877
COA,SRV-a,XEA,541.6013113709279
COA,SRV-a,USA,209.9875239097731
COA,SRV-a,RUS,302.9315358449603
COA,SRV-a,EUR,173.28744657593384
COA,SRV-a,OPC,119.4029659285556
COA,SRV-a,SAS,201.3561465297463
COA,SRV-a,ROW,719.3386902867956
OIL,AGR-a,XEA,4.977758338260199
OIL,AGR-a,ROW,2.210190323761435
OIL,FRS-a,XEA,0.46708098616867905
OIL,FRS-a,RUS,7.808588504791259
OIL,FRS-a,OPC,0.07864296066918541
OIL,FRS-a,ROW,0.13128944211887356
OIL,COA-a,RUS,0.7179782390594482
OIL,COA-a,EUR,1.8133154284186617
OIL,COA-a,OPC,0.10359790423922277
OIL,OIL-a,CHN,1322.7228119050524
OIL,OIL-a,XEA,1.214450190514713
OIL,OIL-a,USA,19.43717157212657
OIL,OIL-a,RUS,92.98081207275389
OIL,OIL-a,EUR,6.253089116725504
OIL,OIL-a,XOE,48.209072079043835
OIL,OIL-a,OPC,498.3350109336898
OIL,OIL-a,XLC,50.02171207979258
OIL,OIL-a,ROW,8.51934011921692
OIL,GAS-a,CHN,703.8495479516401
OIL,GAS-a,XEA,17.247677153486606
OIL,GAS-a,USA,117.35225856847171
OIL,GAS-a,RUS,47.86853766441345
OIL,GAS-a,EUR,199.25888161600292
OIL,GAS-a,XOE,38.59688343847665
OIL,GAS-a,OPC,200.16659591913776
OIL,GAS-a,SAS,29.848483792912088
OIL,GAS-a,XLC,3.256553279607564
OIL,GAS-a,ROW,15.532806671301486
OIL,OXT-a,XEA,3.915542245820352
OIL,OXT-a,RUS,0.8578373789787292
OIL,OXT-a,XOE,4.406407973903697
OIL,OXT-a,OPC,6.896387762120867
OIL,OXT-a,SAS,0.12878691216951516
OIL,OXT-a,XLC,0.7269101465661642
OIL,OXT-a,ROW,1.0753281064051454
OIL,EIT-a,CHN,506.1737731380827
OIL,EIT-a,XEA,1104.7348395865797
OIL,EIT-a,USA,19.811379151608314
OIL,EIT-a,RUS,65.64850479364394
OIL,EIT-a,EUR,51.9913478396262
OIL,EIT-a,XOE,18.137746446492656
OIL,EIT-a,OPC,2662.7633544619453
OIL,EIT-a,XLC,285.2978999556415
OIL,EIT-a,ROW,56.45902034633293
OIL,XMN-a,XEA,18.599045248782332
OIL,XMN-a,RUS,27.359246860258278
OIL,XMN-a,OPC,567.6594007036291
OIL,XMN-a,XLC,159.0616674268158
OIL,XMN-a,ROW,16.369708048998522
OIL,P_C-a,CHN,117728.24472982092
OIL,P_C-a,XEA,48870.4892911073
OIL,P_C-a,USA,221642.19670019895
OIL,P_C-a,RUS,164222.25704200438
OIL,P_C-a,EUR,60997.51781865124
OIL,P_C-a,XOE,54849.20747881995
OIL,P_C-a,OPC,285242.0496870335
OIL,P_C-a,SAS,25639.20531551358
OIL,P_C-a,XLC,57791.22210982041
OIL,P_C-a,ROW,40465.75230575936
OIL,ETD-a,OPC,0.6937896845774957
OIL,OLP-a,CHN,72.77603569214745
OIL,OLP-a,XEA,103.76292133204446
OIL,OLP-a,USA,11.496623260812417
OIL,OLP-a,RUS,566.4852510492732
OIL,OLP-a,EUR,1695.4939365051691
OIL,OLP-a,XOE,81.2767215562053
OIL,OLP-a,OPC,17836.678723710564
OIL,OLP-a,SAS,0.28378530021882276
OIL,OLP-a,XLC,844.58884389085
OIL,OLP-a,ROW,128.33401298216822
OIL,GSP-a,OPC,3.096812574091018
OIL,SRV-a,XEA,68.12174316253262
OIL,SRV-a,RUS,18.698750758900353
OIL,SRV-a,OPC,370.43848645823687
OIL,SRV-a,XLC,24.801915656914172
OIL,SRV-a,ROW,24.82234477570982
GAS,AGR-a,CHN,3.39943761941989
GAS,AGR-a,USA,223.02719784593992
GAS,AGR-a,RUS,30.894305513240397
GAS,AGR-a,EUR,204.6946744864928
GAS,AGR-a,XOE,78.17055761649807
GAS,AGR-a,OPC,44.58907976377995
GAS,AGR-a,SAS,48.03522482733956
GAS,AGR-a,XLC,3.738788862754193
GAS,AGR-a,ROW,98.26658136484318
GAS,FRS-a,CHN,0.5315852273860815
GAS,FRS-a,USA,3.44087435386188
GAS,FRS-a,RUS,79.88193066711618
GAS,FRS-a,EUR,5.5602587394091225
GAS,FRS-a,XOE,6.764113334716398
GAS,FRS-a,OPC,3.775073131891019
GAS,FRS-a,SAS,1.068189677703507
GAS,FRS-a,XLC,0.06492059140470574
GAS,FRS-a,ROW,1.0166553660818631
GAS,COA-a,CHN,0.9620540212911424
GAS,COA-a,USA,7.424031121947534
GAS,COA-a,RUS,0.6019496619701385
GAS,COA-a,EUR,1.5719942979209158
GAS,COA-a,XOE,12.14488467406427
GAS,COA-a,OPC,0.0853533800879415
GAS,COA-a,SAS,0.031739776164800136
GAS,COA-a,ROW,0.8019040839059928
GAS,OIL-a,CHN,100.54706013939372
GAS,OIL-a,XEA,1335.6705876120031
GAS,OIL-a,USA,1591.089719550827
GAS,OIL-a,RUS,886.6270145003082
GAS,OIL-a,EUR,792.5457646380626
GAS,OIL-a,XOE,947.2561532599453
GAS,OIL-a,OPC,4599.402489435393
GAS,OIL-a,SAS,730.4774556317924
GAS,OIL-a,XLC,1339.332644933366
GAS,OIL-a,ROW,628.571153317188
GAS,GAS-a,CHN,92.08246796705967
GAS,GAS-a,XEA,3812.9980394777667
GAS,GAS-a,USA,5043.960039170116
GAS,GAS-a,RUS,1975.1308768531187
GAS,GAS-a,EUR,1836.343437565628
GAS,GAS-a,XOE,2288.591664180131
GAS,GAS-a,OPC,7463.35285383231
GAS,GAS-a,SAS,1602.2720533342228
GAS,GAS-a,XLC,1209.9384838781677
GAS,GAS-a,ROW,2432.4213795078276
GAS,OXT-a,CHN,41.85706501939099
GAS,OXT-a,XEA,101.31126719271325
GAS,OXT-a,USA,351.5650635528573
GAS,OXT-a,RUS,249.75506933557836
GAS,OXT-a,EUR,66.19413522026258
GAS,OXT-a,XOE,1213.977807978052
GAS,OXT-a,OPC,478.2880615398753
GAS,OXT-a,SAS,119.73336966534994
GAS,OXT-a,XLC,273.0695862300456
GAS,OXT-a,ROW,131.53360784471988
GAS,EIT-a,CHN,703.1463416728111
GAS,EIT-a,XEA,7094.14786009438
GAS,EIT-a,USA,9517.998242096883
GAS,EIT-a,RUS,13465.130175820681
GAS,EIT-a,EUR,4484.381862957395
GAS,EIT-a,XOE,4250.62909036194
GAS,EIT-a,OPC,14557.011074171995
GAS,EIT-a,SAS,5382.554884925923
GAS,EIT-a,XLC,3322.375572448713
GAS,EIT-a,ROW,5134.121897897743
GAS,XMN-a,CHN,518.6620206152423
GAS,XMN-a,XEA,1109.3669592770852
GAS,XMN-a,USA,5117.8869154390995
GAS,XMN-a,RUS,959.6424283996502
GAS,XMN-a,EUR,1903.0481916342856
GAS,XMN-a,XOE,546.840908221295
GAS,XMN-a,OPC,2187.99574115125
GAS,XMN-a,SAS,1180.4521659653178
GAS,XMN-a,XLC,524.6202865748381
GAS,XMN-a,ROW,1411.5728204643206
GAS,P_C-a,CHN,183.38603062164043
GAS,P_C-a,XEA,4836.0473775844575
GAS,P_C-a,USA,4930.690555753557
GAS,P_C-a,RUS,4316.111970279652
GAS,P_C-a,EUR,5530.014686742719
GAS,P_C-a,XOE,2977.279042318765
GAS,P_C-a,OPC,24661.360323343273
GAS,P_C-a,SAS,1458.5740528630329
GAS,P_C-a,XLC,3242.7891679572444
GAS,P_C-a,ROW,1136.636062652011
GAS,ETD-a,XLC,0.13639708273400553
GAS,ETD-a,ROW,1.9193265421979782
GAS,CLP-a,ROW,0.9374259044859726
GAS,GSP-a,CHN,622.9961862295352
GAS,GSP-a,XEA,14618.083208493961
GAS,GSP-a,USA,29782.856277863968
GAS,GSP-a,RUS,60626.49186173442
GAS,GSP-a,EUR,6623.940127063828
GAS,GSP-a,XOE,5167.978669462525
GAS,GSP-a,OPC,19183.85870431278
GAS,GSP-a,SAS,9069.234663305879
GAS,GSP-a,XLC,5652.8241324471
GAS,GSP-a,ROW,16550.602724701854
GAS,XEL-a,EUR,33.1642964030775
GAS,XEL-a,ROW,0.004867510422363378
GAS,SRV-a,CHN,937.806134184056
GAS,SRV-a,XEA,1199.1992533790176
GAS,SRV-a,USA,14085.676600867278
GAS,SRV-a,RUS,8289.084201155401
GAS,SRV-a,EUR,2468.838708447868
GAS,SRV-a,XOE,2481.2196388211582
GAS,SRV-a,OPC,2660.1977583858848
GAS,SRV-a,SAS,2366.5119241475036
GAS,SRV-a,XLC,508.6600225198189
GAS,SRV-a,ROW,5847.629174745011
P_C,AGR-a,CHN,6932.14690684879
P_C,AGR-a,XEA,2772.1723493809486
P_C,AGR-a,USA,10536.306560232926
P_C,AGR-a,RUS,3193.543755660251
P_C,AGR-a,EUR,10914.337702022098
P_C,AGR-a,XOE,6770.011064570098
P_C,AGR-a,OPC,6566.368238914996
P_C,AGR-a,SAS,6826.23202778992
P_C,AGR-a,XLC,4458.452740800971
P_C,AGR-a,ROW,8183.822864514611
P_C,FRS-a,CHN,649.8691799722685
P_C,FRS-a,XEA,215.9085065133382
P_C,FRS-a,USA,187.27069179133176
P_C,FRS-a,RUS,1579.7786792516733
P_C,FRS-a,EUR,1036.8578158288524
P_C,FRS-a,XOE,964.6565589904785
P_C,FRS-a,OPC,173.1184368060567
P_C,FRS-a,SAS,300.9598018534805
P_C,FRS-a,XLC,316.6951085864404
P_C,FRS-a,ROW,446.96184694807
P_C,COA-a,CHN,1935.2601520720848
P_C,COA-a,XEA,1.1708304209142026
P_C,COA-a,USA,6.636828959481273
P_C,COA-a,RUS,996.5500924190816
P_C,COA-a,EUR,69.13424011097263
P_C,COA-a,XOE,1009.9783326718557
P_C,COA-a,OPC,64.93417056648263
P_C,COA-a,SAS,0.9402400504074513
P_C,COA-a,XLC,1.6844750616643982
P_C,COA-a,ROW,63.48084802059244
P_C,OIL-a,CHN,1142.1104981558383
P_C,OIL-a,XEA,6.71631525854113
P_C,OIL-a,USA,2.642278085216643
P_C,OIL-a,RUS,327.4219970703125
P_C,OIL-a,EUR,412.5826246318961
P_C,OIL-a,XOE,448.10036262515456
P_C,OIL-a,OPC,1433.5015219649067
P_C,OIL-a,SAS,1.5192429913677763
P_C,OIL-a,XLC,2.132896380630912
P_C,OIL-a,ROW,365.04750411826035
P_C,GAS-a,CHN,1950.6739254510314
P_C,GAS-a,XEA,10.106856235795293
P_C,GAS-a,USA,6.174523138409229
P_C,GAS-a,RUS,322.68983477484346
P_C,GAS-a,EUR,320.32874000836557
P_C,GAS-a,XOE,665.6406437589582
P_C,GAS-a,OPC,204.07462672756424
P_C,GAS-a,SAS,0.5969141026829116
P_C,GAS-a,XLC,4.485020061800329
P_C,GAS-a,ROW,274.4804173580662
P_C,OXT-a,CHN,3489.1564888642347
P_C,OXT-a,XEA,966.0915898550585
P_C,OXT-a,USA,282.3853841364936
P_C,OXT-a,RUS,1314.553668490499
P_C,OXT-a,EUR,1244.8758856939676
P_C,OXT-a,XOE,3948.3138523310618
P_C,OXT-a,OPC,2357.210823180436
P_C,OXT-a,SAS,1471.582912321219
P_C,OXT-a,XLC,1539.4707384775948
P_C,OXT-a,ROW,1596.0424497280012
P_C,EIT-a,CHN,126582.83839747017
P_C,EIT-a,XEA,38877.45269958565
P_C,EIT-a,USA,63400.30096536258
P_C,EIT-a,RUS,32359.902847623245
P_C,EIT-a,EUR,93231.2962585846
P_C,EIT-a,XOE,94460.86778845411
P_C,EIT-a,OPC,42737.21279469694
P_C,EIT-a,SAS,24909.128456390023
P_C,EIT-a,XLC,8811.43107206695
P_C,EIT-a,ROW,12670.638726867848
P_C,XMN-a,CHN,20591.466245603795
P_C,XMN-a,XEA,5814.065090320206
P_C,XMN-a,USA,8865.027905470966
P_C,XMN-a,RUS,1668.248831908471
P_C,XMN-a,EUR,10840.296963206023
P_C,XMN-a,XOE,12166.547864691183
P_C,XMN-a,OPC,7465.046826593038
P_C,XMN-a,SAS,3945.4302754929718
P_C,XMN-a,XLC,2435.16450852901
P_C,XMN-a,ROW,3562.14177007533
P_C,P_C-a,CHN,135496.87662855096
P_C,P_C-a,XEA,19452.189479620065
P_C,P_C-a,USA,63237.57835154217
P_C,P_C-a,RUS,28874.356582235258
P_C,P_C-a,EUR,163774.7926444549
P_C,P_C-a,XOE,87609.74856709426
P_C,P_C-a,OPC,22227.77554321289
P_C,P_C-a,SAS,42244.436797239774
P_C,P_C-a,XLC,14435.096905729304
P_C,P_C-a,ROW,27322.63862290712
P_C,ETD-a,CHN,90.88114416865281
P_C,ETD-a,XEA,2620.611004442633
P_C,ETD-a,USA,10.835657072991939
P_C,ETD-a,RUS,10639.330161586971
P_C,ETD-a,EUR,114.03319205521257
P_C,ETD-a,XOE,85.98408011719584
P_C,ETD-a,OPC,2418.826894305319
P_C,ETD-a,SAS,147.74318945558915
P_C,ETD-a,XLC,309.4664269857146
P_C,ETD-a,ROW,672.590025388138
P_C,CLP-a,CHN,7992.48924915515
P_C,CLP-a,XEA,16.297491541565684
P_C,CLP-a,EUR,8.250198364257812
P_C,CLP-a,ROW,277.60698760209647
P_C,OLP-a,CHN,1970.0374591750729
P_C,OLP-a,XEA,8662.390912420553
P_C,OLP-a,USA,4270.975895341457
P_C,OLP-a,RUS,8622.957954967938
P_C,OLP-a,EUR,9368.318210586467
P_C,OLP-a,XOE,24886.72128289301
P_C,OLP-a,OPC,40768.71104042502
P_C,OLP-a,SAS,7709.449221749076
P_C,OLP-a,XLC,9801.57003785312
P_C,OLP-a,ROW,7593.160631899137
P_C,GSP-a,CHN,5665.751657373387
P_C,GSP-a,XEA,3092.617492835137
P_C,GSP-a,USA,13347.056437094332
P_C,GSP-a,EUR,15410.404060478024
P_C,GSP-a,XOE,8844.423763303512
P_C,GSP-a,OPC,2341.463068297303
P_C,GSP-a,SAS,5544.197389543279
P_C,GSP-a,XLC,4543.0242490834435
P_C,GSP-a,ROW,5319.798368912132
P_C,XEL-a,CHN,1308.4855160792438
P_C,XEL-a,XEA,320.4417095473839
P_C,XEL-a,USA,2228.222569072254
P_C,XEL-a,RUS,60.911646841020094
P_C,XEL-a,EUR,4798.073394738074
P_C,XEL-a,XOE,1734.7357757821765
P_C,XEL-a,OPC,690.6093740463256
P_C,XEL-a,SAS,422.65104661507223
P_C,XEL-a,XLC,394.03323849221465
P_C,XEL-a,ROW,138.60188804118937
P_C,SRV-a,CHN,132386.77397973716
P_C,SRV-a,XEA,52218.53036023224
P_C,SRV-a,USA,260044.7785663552
P_C,SRV-a,RUS,47394.629723393635
P_C,SRV-a,EUR,358205.8989869745
P_C,SRV-a,XOE,168493.19861781542
P_C,SRV-a,OPC,94184.07503609009
P_C,SRV-a,SAS,60664.460994759596
P_C,SRV-a,XLC,44128.32920163331
P_C,SRV-a,ROW,67098.16651281525
AGR,AGR-a,CHN,119954.22920103793
AGR,AGR-a,XEA,24155.62632923131
AGR,AGR-a,USA,45903.76470607172
AGR,AGR-a,RUS,8944.610048622373
AGR,AGR-a,EUR,33721.25173000952
AGR,AGR-a,XOE,24860.259075355778
AGR,AGR-a,OPC,47225.48816857555
AGR,AGR-a,SAS,69288.13084495542
AGR,AGR-a,XLC,24109.558065654302
AGR,AGR-a,ROW,53009.07283609721
AGR,FRS-a,CHN,844.925400123665
AGR,FRS-a,XEA,671.1456720782796
AGR,FRS-a,USA,310.26847400557625
AGR,FRS-a,RUS,38.042854726314545
AGR,FRS-a,EUR,366.5431710825827
AGR,FRS-a,XOE,334.7282908767229
AGR,FRS-a,OPC,131.69483293068032
AGR,FRS-a,SAS,3.85389192718864
AGR,FRS-a,XLC,78.13183209609862
AGR,FRS-a,ROW,177.06192581961477
AGR,COA-a,CHN,3.633035220208501
AGR,COA-a,XEA,1.097277561027821
AGR,COA-a,EUR,11.099035856761958
AGR,COA-a,XOE,0.9641301077867048
AGR,COA-a,OPC,0.1275952353410538
AGR,COA-a,ROW,5.553225332812678
AGR,OIL-a,XEA,4.095935027282527
AGR,OIL-a,USA,2.378334940451413
AGR,OIL-a,RUS,5.481703382218256
AGR,OIL-a,EUR,14.357872251551859
AGR,OIL-a,XOE,3.064152693200299
AGR,OIL-a,XLC,1.261863623138385
AGR,OIL-a,ROW,39.967747959331255
AGR,GAS-a,CHN,0.2748372647732555
AGR,GAS-a,XEA,0.6187133200394989
AGR,GAS-a,USA,1.542129103140613
AGR,GAS-a,RUS,16.66771113240975
AGR,GAS-a,EUR,35.07720066878972
AGR,GAS-a,XOE,2.3977331560671566
AGR,GAS-a,OPC,18.474728427849218
AGR,GAS-a,SAS,1.2180939006188654
AGR,GAS-a,XLC,1.909093115970275
AGR,GAS-a,ROW,26.60812190833665
AGR,OXT-a,CHN,24.40970013756007
AGR,OXT-a,XEA,1.0312477864314094
AGR,OXT-a,USA,0.5678847516525928
AGR,OXT-a,EUR,28.479485938976612
AGR,OXT-a,XOE,7.355917460047124
AGR,OXT-a,OPC,29.502528331271858
AGR,OXT-a,SAS,0.8974454970853705
AGR,OXT-a,XLC,33.166618967996925
AGR,OXT-a,ROW,35.09280751655363
AGR,EIT-a,CHN,45518.1661409121
AGR,EIT-a,XEA,9526.783630416112
AGR,EIT-a,USA,1873.2125418359349
AGR,EIT-a,RUS,26.471030207379954
AGR,EIT-a,EUR,3226.3752435777046
AGR,EIT-a,XOE,1250.2155546398662
AGR,EIT-a,OPC,10480.708567908878
AGR,EIT-a,SAS,6188.996490568236
AGR,EIT-a,XLC,1395.5161827126358
AGR,EIT-a,ROW,1673.839262785132
AGR,XMN-a,CHN,462169.17282208754
AGR,XMN-a,XEA,133504.27479460443
AGR,XMN-a,USA,171312.7163751433
AGR,XMN-a,RUS,26725.320575581973
AGR,XMN-a,EUR,232441.49292113094
AGR,XMN-a,XOE,115739.04814995623
AGR,XMN-a,OPC,179437.2651256384
AGR,XMN-a,SAS,154213.2008048931
AGR,XMN-a,XLC,102926.89848918852
AGR,XMN-a,ROW,97908.7255955383
AGR,P_C-a,CHN,7.69281881050057
AGR,P_C-a,XEA,10.302933470323484
AGR,P_C-a,RUS,4.506061776890419
AGR,P_C-a,EUR,29.058840835350278
AGR,P_C-a,XOE,9.24597744814696
AGR,P_C-a,OPC,35.7773483620259
AGR,P_C-a,SAS,15.344051677907645
AGR,P_C-a,XLC,56.57645963722168
AGR,P_C-a,ROW,7.206595556833185
AGR,ETD-a,CHN,3.4142527150248134
AGR,ETD-a,XEA,0.963647971901062
AGR,ETD-a,USA,1.0169040871703503
AGR,ETD-a,EUR,69.11431493905533
AGR,ETD-a,XOE,9.03874470239998
AGR,ETD-a,OPC,2.212863016577293
AGR,ETD-a,SAS,99.79167268404076
AGR,ETD-a,XLC,22.68939913867411
AGR,ETD-a,ROW,11.4437456728022
AGR,CLP-a,XEA,0.21039750613332717
AGR,CLP-a,EUR,26.425879514935538
AGR,CLP-a,XOE,8.422598411638191
AGR,CLP-a,OPC,0.3292184861784335
AGR,CLP-a,SAS,160.061909448908
AGR,CLP-a,XLC,2.340482492457094
AGR,CLP-a,ROW,6.129763175116791
AGR,OLP-a,CHN,0.03502617925642718
AGR,OLP-a,EUR,1.5490603931494098
AGR,OLP-a,SAS,8.250563581721707
AGR,OLP-a,XLC,10.655309365682827
AGR,GSP-a,CHN,0.1131865874832302
AGR,GSP-a,EUR,4.446453189205117
AGR,GSP-a,XOE,1.0969803530436728
AGR,GSP-a,SAS,10.371020578163092
AGR,GSP-a,XLC,2.2597537985837572
AGR,GSP-a,ROW,1.3466246964579227
AGR,NUC-a,CHN,0.2776400944628918
AGR,NUC-a,USA,0.7002365649699545
AGR,NUC-a,EUR,94.1147347292981
AGR,NUC-a,XOE,0.8850994481190355
AGR,NUC-a,OPC,0.391955370189867
AGR,NUC-a,SAS,12.734125990491453
AGR,NUC-a,XLC,0.017892466124186497
AGR,NUC-a,ROW,16.387141246368977
AGR,HYD-a,CHN,1.8546951072517972
AGR,HYD-a,XEA,0.016204969619051324
AGR,HYD-a,USA,0.15320618269994932
AGR,HYD-a,EUR,15.141329401283377
AGR,HYD-a,XOE,2.4118629365402313
AGR,HYD-a,OPC,1.9611455770847188
AGR,HYD-a,SAS,28.192395991508285
AGR,HYD-a,XLC,12.034749933389287
AGR,HYD-a,ROW,2.9911652454482796
AGR,SOL-a,CHN,0.005542454767790086
AGR,SOL-a,XEA,0.00011499801296715576
AGR,SOL-a,USA,0.003710758422627368
AGR,SOL-a,EUR,2.3172873080796936
AGR,SOL-a,XOE,0.15618581215446525
AGR,SOL-a,SAS,0.40854178469987246
AGR,SOL-a,XLC,0.0013652407824130788
AGR,SOL-a,ROW,0.014807007395533608
AGR,WND-a,CHN,0.226513335650273
AGR,WND-a,USA,0.07405228315494142
AGR,WND-a,EUR,12.237980457881767
AGR,WND-a,XOE,0.767454552546738
AGR,WND-a,OPC,0.06642813031877082
AGR,WND-a,SAS,9.625948659252769
AGR,WND-a,XLC,0.03831415349375582
AGR,WND-a,ROW,0.19149212797256723
AGR,XEL-a,CHN,0.20968114999577173
AGR,XEL-a,XEA,0.017368006148530627
AGR,XEL-a,USA,0.07104741013238108
AGR,XEL-a,EUR,14.89338681020096
AGR,XEL-a,XOE,0.4191673008100736
AGR,XEL-a,OPC,0.7712672939821203
AGR,XEL-a,SAS,9.250938188368602
AGR,XEL-a,XLC,1.5176585229245918
AGR,XEL-a,ROW,0.07498669041793575
AGR,SRV-a,CHN,57796.20618463308
AGR,SRV-a,XEA,15504.61936139887
AGR,SRV-a,USA,23545.972568051217
AGR,SRV-a,RUS,4652.621625487838
AGR,SRV-a,EUR,34745.36059915944
AGR,SRV-a,XOE,24453.092121496316
AGR,SRV-a,OPC,9132.40352863826
AGR,SRV-a,SAS,26065.18368599532
AGR,SRV-a,XLC,7068.876754134698
AGR,SRV-a,ROW,13615.537258679366
OXT,AGR-a,CHN,40.813859105595725
OXT,AGR-a,XEA,25.841774224873692
OXT,AGR-a,USA,686.1842502807499
OXT,AGR-a,RUS,16.16076682973653
OXT,AGR-a,EUR,561.2224146500089
OXT,AGR-a,XOE,168.9331126967445
OXT,AGR-a,OPC,1284.2216128932018
OXT,AGR-a,SAS,10.547005672236583
OXT,AGR-a,XLC,73.58169696138822
OXT,AGR-a,ROW,278.29108480703076
OXT,FRS-a,CHN,4.847269677907393
OXT,FRS-a,XEA,6.560673489310057
OXT,FRS-a,USA,0.2210928217532313
OXT,FRS-a,RUS,16.84488296508789
OXT,FRS-a,EUR,9.697333569114562
OXT,FRS-a,XOE,4.557443455560132
OXT,FRS-a,OPC,21.261723051471563
OXT,FRS-a,XLC,1.6785404738296685
OXT,FRS-a,ROW,12.086147370900257
OXT,COA-a,CHN,75.36116346260168
OXT,COA-a,XEA,117.96747386177185
OXT,COA-a,USA,66.7884900292405
OXT,COA-a,RUS,54.27595520019531
OXT,COA-a,EUR,22.08439127370741
OXT,COA-a,XOE,4187.265450591229
OXT,COA-a,OPC,24.807026164071868
OXT,COA-a,SAS,189.17120844469392
OXT,COA-a,XLC,89.26560841265542
OXT,COA-a,ROW,76.86676476764586
OXT,OIL-a,CHN,52.29979693916938
OXT,OIL-a,XEA,85.4075672548252
OXT,OIL-a,USA,17.07550504643306
OXT,OIL-a,RUS,131.09245765636715
OXT,OIL-a,EUR,161.45138965378902
OXT,OIL-a,XOE,403.46346474955055
OXT,OIL-a,OPC,83.86922691948712
OXT,OIL-a,SAS,921.7034870187292
OXT,OIL-a,XLC,829.8480206741
OXT,OIL-a,ROW,130.96520605575074
OXT,GAS-a,CHN,0.12604865464359555
OXT,GAS-a,XEA,1108.7398312290495
OXT,GAS-a,USA,10.395397397855184
OXT,GAS-a,RUS,62.97464513778686
OXT,GAS-a,EUR,156.44101515576685
OXT,GAS-a,XOE,239.7644687323943
OXT,GAS-a,OPC,26.277245240823817
OXT,GAS-a,SAS,1347.669628207721
OXT,GAS-a,XLC,754.5491223110985
OXT,GAS-a,ROW,22.710336063698
OXT,OXT-a,CHN,21897.517197811794
OXT,OXT-a,XEA,23311.677985362723
OXT,OXT-a,USA,3755.482781056564
OXT,OXT-a,RUS,1640.763059926594
OXT,OXT-a,EUR,2592.6217020153995
OXT,OXT-a,XOE,10314.170772614372
OXT,OXT-a,OPC,13615.849732141942
OXT,OXT-a,SAS,90.75217762996907
OXT,OXT-a,XLC,6253.72717342291
OXT,OXT-a,ROW,3854.0790644432323
OXT,EIT-a,CHN,228952.76282296475
OXT,EIT-a,XEA,23328.252300405893
OXT,EIT-a,USA,22053.611355298577
OXT,EIT-a,RUS,10157.192123238367
OXT,EIT-a,EUR,32357.758228089402
OXT,EIT-a,XOE,35709.01192883473
OXT,EIT-a,OPC,24341.9763716213
OXT,EIT-a,SAS,5294.565138209873
OXT,EIT-a,XLC,25294.344364399694
OXT,EIT-a,ROW,16218.312988068692
OXT,XMN-a,CHN,8229.431698742763
OXT,XMN-a,XEA,1063.8163676154768
OXT,XMN-a,USA,608.2146406204782
OXT,XMN-a,RUS,1617.0806606840895
OXT,XMN-a,EUR,3925.2415245677184
OXT,XMN-a,XOE,1073.1561011924593
OXT,XMN-a,OPC,2082.9745449876077
OXT,XMN-a,SAS,1956.746455430479
OXT,XMN-a,XLC,1604.3129575496928
OXT,XMN-a,ROW,1930.7136542230542
OXT,P_C-a,CHN,34.32824644010038
OXT,P_C-a,XEA,89.32675001740918
OXT,P_C-a,USA,619.9144438865357
OXT,P_C-a,RUS,10.5672025680542
OXT,P_C-a,EUR,757.0826190995285
OXT,P_C-a,XOE,175.4887900352478
OXT,P_C-a,OPC,32.14536095288349
OXT,P_C-a,SAS,286.2055356171947
OXT,P_C-a,XLC,183.946257752194
OXT,P_C-a,ROW,86.87848805940445
OXT,ETD-a,CHN,25.959533615639515
OXT,ETD-a,XEA,71.45835114480049
OXT,ETD-a,USA,0.6632149229525284
OXT,ETD-a,RUS,8.479069709777832
OXT,ETD-a,EUR,423.7102231042518
OXT,ETD-a,XOE,64.41956549137831
OXT,ETD-a,OPC,8.220247919097346
OXT,ETD-a,SAS,313.0038609663366
OXT,ETD-a,XLC,6.333607742121777
OXT,ETD-a,ROW,14.238246276913676
OXT,CLP-a,CHN,4.647733443693914
OXT,CLP-a,XEA,21.800849626839057
OXT,CLP-a,EUR,314.0695654289884
OXT,CLP-a,XOE,45.93507055586087
OXT,CLP-a,OPC,0.5228418987244368
OXT,CLP-a,SAS,5.301970363631419
OXT,CLP-a,XLC,1.2126036397109536
OXT,CLP-a,ROW,1.178315919558855
OXT,OLP-a,CHN,0.15927833055191043
OXT,OLP-a,XEA,17.119276838569952
OXT,OLP-a,EUR,15.690148113242683
OXT,OLP-a,XOE,1.793337972706581
OXT,OLP-a,OPC,1.2687541912222287
OXT,OLP-a,SAS,120.1861006330149
OXT,OLP-a,XLC,3.73359572052973
OXT,OLP-a,ROW,0.2718835062923272
OXT,GSP-a,CHN,0.5147056238239047
OXT,GSP-a,XEA,5.089974654627745
OXT,GSP-a,EUR,59.97002456721384
OXT,GSP-a,XOE,5.4432500524562775
OXT,GSP-a,OPC,2.369821212207114
OXT,GSP-a,SAS,20.31063963159559
OXT,GSP-a,ROW,3.2915025056987735
OXT,NUC-a,CHN,12.6254287170201
OXT,NUC-a,USA,1.0039267789146717
OXT,NUC-a,RUS,1.3166911602020264
OXT,NUC-a,EUR,84.81534565985203
OXT,NUC-a,XOE,30.15179841220379
OXT,NUC-a,OPC,0.14821505759027787
OXT,NUC-a,SAS,167.91540180469642
OXT,NUC-a,XLC,0.029795900755152913
OXT,NUC-a,ROW,5.8710827169262645
OXT,HYD-a,CHN,8.434055318311088
OXT,HYD-a,XEA,4.047327316756127
OXT,HYD-a,RUS,0.08223919570446014
OXT,HYD-a,EUR,36.99365730047429
OXT,HYD-a,XOE,13.210285863722675
OXT,HYD-a,OPC,2.7582777530974454
OXT,HYD-a,SAS,52.53217461638469
OXT,HYD-a,XLC,3.8076370790302856
OXT,HYD-a,ROW,15.367889752593124
OXT,SOL-a,CHN,0.025203806100685407
OXT,SOL-a,XEA,0.0007554536349142025
OXT,SOL-a,USA,0.0005319714787424282
OXT,SOL-a,EUR,9.27405098936819
OXT,SOL-a,XOE,0.8342097046843264
OXT,SOL-a,SAS,0.013532741304508149
OXT,SOL-a,XLC,0.0007225294267030793
OXT,SOL-a,ROW,0.007760318969849935
OXT,WND-a,CHN,1.030048553158256
OXT,WND-a,XEA,0.0027537026743422546
OXT,WND-a,EUR,145.75644098453768
OXT,WND-a,XOE,4.32725668681087
OXT,WND-a,OPC,0.0025089654649619315
OXT,WND-a,SAS,0.3188547219202209
OXT,WND-a,XLC,0.0061039078144611075
OXT,WND-a,ROW,0.2866668488628316
OXT,XEL-a,CHN,0.9535057638959846
OXT,XEL-a,XEA,5.404469550479564
OXT,XEL-a,RUS,0.003931342624127865
OXT,XEL-a,EUR,67.80523335316656
OXT,XEL-a,XOE,2.1363368966267444
OXT,XEL-a,OPC,0.02917419746518135
OXT,XEL-a,SAS,0.3064326520111942
OXT,XEL-a,XLC,3.458937265492198
OXT,XEL-a,ROW,0.46013347970038126
OXT,SRV-a,CHN,13499.0971858482
OXT,SRV-a,XEA,13306.023497348659
OXT,SRV-a,USA,13185.243217310477
OXT,SRV-a,RUS,770.9871779462279
OXT,SRV-a,EUR,19527.111024851627
OXT,SRV-a,XOE,11325.779926894578
OXT,SRV-a,OPC,27018.094463562837
OXT,SRV-a,SAS,3447.182840359415
OXT,SRV-a,XLC,7327.871213418507
OXT,SRV-a,ROW,7967.563337798758
EIT,AGR-a,CHN,56760.98529319681
EIT,AGR-a,XEA,9044.134454280722
EIT,AGR-a,USA,23874.207532890134
EIT,AGR-a,RUS,1201.818568466097
EIT,AGR-a,EUR,12333.270651208804
EIT,AGR-a,XOE,16780.18169409927
EIT,AGR-a,OPC,30109.13732103367
EIT,AGR-a,SAS,20955.10209829488
EIT,AGR-a,XLC,10065.852455794256
EIT,AGR-a,ROW,10681.207020883769
EIT,FRS-a,CHN,3263.1607385751004
EIT,FRS-a,XEA,161.00427732846097
EIT,FRS-a,USA,284.387363513855
EIT,FRS-a,RUS,361.60553314536503
EIT,FRS-a,EUR,515.4394130500585
EIT,FRS-a,XOE,668.4060005699284
EIT,FRS-a,OPC,1616.8785425526908
EIT,FRS-a,SAS,98.70517975589122
EIT,FRS-a,XLC,231.73729242214216
EIT,FRS-a,ROW,565.9969015995872
EIT,COA-a,CHN,12313.731171370193
EIT,COA-a,XEA,265.7360164153835
EIT,COA-a,USA,2840.623624362028
EIT,COA-a,RUS,1492.8585086470541
EIT,COA-a,EUR,574.0641232302835
EIT,COA-a,XOE,1063.385569813756
EIT,COA-a,OPC,255.2827775809824
EIT,COA-a,SAS,509.9588466045543
EIT,COA-a,XLC,76.40706307120766
EIT,COA-a,ROW,1188.7463499815524
EIT,OIL-a,CHN,11867.070075318852
EIT,OIL-a,XEA,325.6676126384099
EIT,OIL-a,USA,5704.920762535321
EIT,OIL-a,RUS,6340.010503193032
EIT,OIL-a,EUR,878.4762897585091
EIT,OIL-a,XOE,1833.447191368106
EIT,OIL-a,OPC,7732.063947677611
EIT,OIL-a,SAS,793.1215761655936
EIT,OIL-a,XLC,1489.9179409184253
EIT,OIL-a,ROW,4023.0391411770875
EIT,GAS-a,CHN,38.66930107348557
EIT,GAS-a,XEA,150.97868986006307
EIT,GAS-a,USA,1001.2105720881153
EIT,GAS-a,RUS,1849.819398620335
EIT,GAS-a,EUR,547.6969783384668
EIT,GAS-a,XOE,418.01875687964537
EIT,GAS-a,OPC,695.2263456591784
EIT,GAS-a,SAS,195.02868824502468
EIT,GAS-a,XLC,275.22161209034977
EIT,GAS-a,ROW,661.2503131626441
EIT,OXT-a,CHN,27365.279384423127
EIT,OXT-a,XEA,1003.1459148338471
EIT,OXT-a,USA,2400.9725864038537
EIT,OXT-a,RUS,1454.0827836442825
EIT,OXT-a,EUR,4496.109206733487
EIT,OXT-a,XOE,2773.9402309399297
EIT,OXT-a,OPC,6465.166915118417
EIT,OXT-a,SAS,817.9793641552312
EIT,OXT-a,XLC,4855.9887007153
EIT,OXT-a,ROW,2817.2191198449545
EIT,EIT-a,CHN,1398929.278758471
EIT,EIT-a,XEA,154858.57117444943
EIT,EIT-a,USA,468748.458088608
EIT,EIT-a,RUS,46336.98211425631
EIT,EIT-a,EUR,565911.0870215968
EIT,EIT-a,XOE,633425.901728583
EIT,EIT-a,OPC,154125.578763093
EIT,EIT-a,SAS,69125.54891073774
EIT,EIT-a,XLC,103791.48867645048
EIT,EIT-a,ROW,105846.81496282628
EIT,XMN-a,CHN,1132062.5331994672
EIT,XMN-a,XEA,118604.75166075675
EIT,XMN-a,USA,458708.84678854427
EIT,XMN-a,RUS,45235.9153008968
EIT,XMN-a,EUR,447969.59691432887
EIT,XMN-a,XOE,445585.50860397436
EIT,XMN-a,OPC,135690.64288140606
EIT,XMN-a,SAS,85946.99691986572
EIT,XMN-a,XLC,67070.7243186007
EIT,XMN-a,ROW,92501.1015977145
EIT,P_C-a,CHN,5014.380523737275
EIT,P_C-a,XEA,820.036138878018
EIT,P_C-a,USA,4419.7684342192815
EIT,P_C-a,RUS,424.58957564060205
EIT,P_C-a,EUR,3163.9368043937307
EIT,P_C-a,XOE,7243.165454806564
EIT,P_C-a,OPC,2540.6448245350734
EIT,P_C-a,SAS,1449.5728582289346
EIT,P_C-a,XLC,1997.8182622153433
EIT,P_C-a,ROW,750.0661396427768
EIT,ETD-a,CHN,1091.4014243480412
EIT,ETD-a,XEA,51.26073323887365
EIT,ETD-a,USA,584.1240951102625
EIT,ETD-a,RUS,190.65369987487793
EIT,ETD-a,EUR,1935.4495819462463
EIT,ETD-a,XOE,1126.5206514075398
EIT,ETD-a,OPC,293.9123657028517
EIT,ETD-a,SAS,311.94885186134786
EIT,ETD-a,XLC,994.3823694417463
EIT,ETD-a,ROW,695.7608618481813
EIT,CLP-a,CHN,326.71642966463327
EIT,CLP-a,XEA,16.159312393506582
EIT,CLP-a,USA,408.3286112062906
EIT,CLP-a,RUS,2.0419018268585205
EIT,CLP-a,EUR,658.4702668418104
EIT,CLP-a,XOE,446.0025042453781
EIT,CLP-a,OPC,66.93911799788474
EIT,CLP-a,SAS,475.0973173361994
EIT,CLP-a,XLC,92.46410928003878
EIT,CLP-a,ROW,415.4803472639787
EIT,OLP-a,CHN,11.196483722626539
EIT,OLP-a,XEA,5.341844015988835
EIT,OLP-a,USA,13.172151775123965
EIT,OLP-a,RUS,1.825235217809677
EIT,OLP-a,EUR,95.06678470845691
EIT,OLP-a,XOE,131.47279669264208
EIT,OLP-a,OPC,41.33779476976247
EIT,OLP-a,SAS,33.79476537404894
EIT,OLP-a,XLC,417.7362864857282
EIT,OLP-a,ROW,21.322537257185452
EIT,GSP-a,CHN,36.181273992599735
EIT,GSP-a,XEA,7.710666168659885
EIT,GSP-a,USA,81.9189843576244
EIT,GSP-a,RUS,12.82044667005539
EIT,GSP-a,EUR,245.59614913916445
EIT,GSP-a,XOE,164.50631145597436
EIT,GSP-a,OPC,22.204406541581363
EIT,GSP-a,SAS,32.34930534160825
EIT,GSP-a,XLC,277.17167442009634
EIT,GSP-a,ROW,86.05932046407104
EIT,NUC-a,CHN,88.75055654337659
EIT,NUC-a,XEA,1.0533348503991136
EIT,NUC-a,USA,402.2243299810549
EIT,NUC-a,RUS,10.762511134147642
EIT,NUC-a,EUR,1416.8519700467587
EIT,NUC-a,XOE,374.9897083044052
EIT,NUC-a,OPC,49.415356568149136
EIT,NUC-a,SAS,38.94607487393576
EIT,NUC-a,XLC,87.45300136050423
EIT,NUC-a,ROW,571.165440715342
EIT,HYD-a,CHN,592.8726158179514
EIT,HYD-a,XEA,14.694275204976904
EIT,HYD-a,USA,88.00362640250259
EIT,HYD-a,RUS,6.722155153751373
EIT,HYD-a,EUR,425.1060447013151
EIT,HYD-a,XOE,304.56025076657534
EIT,HYD-a,OPC,207.86629015533435
EIT,HYD-a,SAS,87.6874606050906
EIT,HYD-a,XLC,224.13819454836892
EIT,HYD-a,ROW,223.8329742260922
EIT,SOL-a,CHN,1.771699830443105
EIT,SOL-a,XEA,0.01785098594321034
EIT,SOL-a,USA,2.1317145726728035
EIT,SOL-a,EUR,164.63470526497053
EIT,SOL-a,XOE,12.275453433278017
EIT,SOL-a,SAS,1.216716192783456
EIT,SOL-a,XLC,0.3322053960981303
EIT,SOL-a,ROW,1.0018763472482122
EIT,WND-a,CHN,72.4073485423616
EIT,WND-a,XEA,0.1083149162771154
EIT,WND-a,USA,42.53645855843902
EIT,WND-a,EUR,268.7482149841817
EIT,WND-a,XOE,27.53751427866518
EIT,WND-a,OPC,8.368651128800913
EIT,WND-a,SAS,28.57975705787355
EIT,WND-a,XLC,14.537776392011928
EIT,WND-a,ROW,17.049353626646422
EIT,XEL-a,CHN,67.02676391640449
EIT,XEL-a,XEA,1.7372789542846403
EIT,XEL-a,USA,40.81074073776788
EIT,XEL-a,RUS,0.3216663040220737
EIT,XEL-a,EUR,511.6301049287433
EIT,XEL-a,XOE,72.19632570445538
EIT,XEL-a,OPC,97.25704658578947
EIT,XEL-a,SAS,27.460374419616677
EIT,XEL-a,XLC,119.47142664661403
EIT,XEL-a,ROW,8.031211476513844
EIT,SRV-a,CHN,922415.48747189
EIT,SRV-a,XEA,125650.76978356937
EIT,SRV-a,USA,531205.4219840053
EIT,SRV-a,RUS,76579.51541034947
EIT,SRV-a,EUR,599830.0364758527
EIT,SRV-a,XOE,474053.6133929063
EIT,SRV-a,OPC,214485.35973818024
EIT,SRV-a,SAS,101040.55673879104
EIT,SRV-a,XLC,117029.75814657184
EIT,SRV-a,ROW,129262.88931519806
XMN,AGR-a,CHN,94254.60580866833
XMN,AGR-a,XEA,17425.641552715453
XMN,AGR-a,USA,40191.244259324914
XMN,AGR-a,RUS,7114.076041216661
XMN,AGR-a,EUR,40498.178253282305
XMN,AGR-a,XOE,26569.349570926493
XMN,AGR-a,OPC,25517.28856612825
XMN,AGR-a,SAS,7193.582484528457
XMN,AGR-a,XLC,14110.928446507723
XMN,AGR-a,ROW,15593.144496623834
XMN,FRS-a,CHN,1647.0444746462479
XMN,FRS-a,XEA,513.4767347368451
XMN,FRS-a,USA,1063.2590709995566
XMN,FRS-a,RUS,684.3209614908187
XMN,FRS-a,EUR,1210.948657016144
XMN,FRS-a,XOE,929.4500417537201
XMN,FRS-a,OPC,328.86386803074794
XMN,FRS-a,SAS,199.3808868492195
XMN,FRS-a,XLC,372.932311974551
XMN,FRS-a,ROW,944.5239441051147
XMN,COA-a,CHN,19003.40434702545
XMN,COA-a,XEA,848.9360206910792
XMN,COA-a,USA,7586.185093004342
XMN,COA-a,RUS,2069.0615583694703
XMN,COA-a,EUR,1999.6404540845685
XMN,COA-a,XOE,1968.8803360785619
XMN,COA-a,OPC,262.3358472598575
XMN,COA-a,SAS,534.4162077344421
XMN,COA-a,XLC,92.92744297401009
XMN,COA-a,ROW,2005.4641440016007
XMN,OIL-a,CHN,14637.88291444766
XMN,OIL-a,XEA,1009.2445151635147
XMN,OIL-a,USA,3614.395130426906
XMN,OIL-a,RUS,7217.6809723795295
XMN,OIL-a,EUR,2942.160380708419
XMN,OIL-a,XOE,1838.1248958343779
XMN,OIL-a,OPC,32644.24879033754
XMN,OIL-a,SAS,1208.0505612963775
XMN,OIL-a,XLC,798.9770241155079
XMN,OIL-a,ROW,5626.586078535006
XMN,GAS-a,CHN,128.05298240290054
XMN,GAS-a,XEA,1134.0568607280356
XMN,GAS-a,USA,950.3329066450116
XMN,GAS-a,RUS,3978.990961027701
XMN,GAS-a,EUR,2932.0479135814526
XMN,GAS-a,XOE,626.9633936173275
XMN,GAS-a,OPC,11936.19430703535
XMN,GAS-a,SAS,280.3693024189256
XMN,GAS-a,XLC,183.4227640473142
XMN,GAS-a,ROW,910.3623056011693
XMN,OXT-a,CHN,41964.428659878424
XMN,OXT-a,XEA,1789.085371817863
XMN,OXT-a,USA,2709.6070983019476
XMN,OXT-a,RUS,887.8543197120099
XMN,OXT-a,EUR,4845.167370788301
XMN,OXT-a,XOE,3555.9581408080494
XMN,OXT-a,OPC,5579.172891089791
XMN,OXT-a,SAS,382.6821657793769
XMN,OXT-a,XLC,4719.793505476988
XMN,OXT-a,ROW,3187.0535604426113
XMN,EIT-a,CHN,330358.42962787795
XMN,EIT-a,XEA,20799.009795451275
XMN,EIT-a,USA,79576.5822486579
XMN,EIT-a,RUS,6180.902325792495
XMN,EIT-a,EUR,129103.65480326866
XMN,EIT-a,XOE,51063.14103709557
XMN,EIT-a,OPC,26015.629794925575
XMN,EIT-a,SAS,11786.450797866224
XMN,EIT-a,XLC,10502.311257362975
XMN,EIT-a,ROW,18905.730647276076
XMN,XMN-a,CHN,2414211.035981468
XMN,XMN-a,XEA,322408.8790367535
XMN,XMN-a,USA,1008318.0747402465
XMN,XMN-a,RUS,97994.95058091324
XMN,XMN-a,EUR,1510781.0514428269
XMN,XMN-a,XOE,990644.6990512537
XMN,XMN-a,OPC,244666.44147485404
XMN,XMN-a,SAS,173105.61230936096
XMN,XMN-a,XLC,155623.7954038537
XMN,XMN-a,ROW,219504.93670094755
XMN,P_C-a,CHN,5685.191834351441
XMN,P_C-a,XEA,405.0962091865839
XMN,P_C-a,USA,933.1332377226348
XMN,P_C-a,RUS,501.2755905708763
XMN,P_C-a,EUR,2227.8511539201836
XMN,P_C-a,XOE,2363.5941703821413
XMN,P_C-a,OPC,1190.0911923638919
XMN,P_C-a,SAS,225.10924837928732
XMN,P_C-a,XLC,964.6015385030697
XMN,P_C-a,ROW,416.77433333732534
XMN,ETD-a,CHN,11681.332695382274
XMN,ETD-a,XEA,375.13499388920275
XMN,ETD-a,USA,1040.8247904162686
XMN,ETD-a,RUS,266.1338189333081
XMN,ETD-a,EUR,5551.232878838497
XMN,ETD-a,XOE,1864.9359297979702
XMN,ETD-a,OPC,727.65024448726
XMN,ETD-a,SAS,1715.4828297586048
XMN,ETD-a,XLC,213.53753325704264
XMN,ETD-a,ROW,1631.153760274719
XMN,CLP-a,CHN,3496.8129139284338
XMN,CLP-a,XEA,106.03404046247509
XMN,CLP-a,USA,727.5825509677363
XMN,CLP-a,RUS,2.851468839595327
XMN,CLP-a,EUR,2140.229102031961
XMN,CLP-a,XOE,752.3187776008369
XMN,CLP-a,OPC,160.66948011761994
XMN,CLP-a,SAS,2536.468238011694
XMN,CLP-a,XLC,20.002583013320155
XMN,CLP-a,ROW,701.2592548219457
XMN,OLP-a,CHN,119.83661921458054
XMN,OLP-a,XEA,32.32593449700327
XMN,OLP-a,USA,23.470869535013616
XMN,OLP-a,RUS,2.5483313745935448
XMN,OLP-a,EUR,276.1480294047851
XMN,OLP-a,XOE,235.95577255002087
XMN,OLP-a,OPC,115.37855193569722
XMN,OLP-a,SAS,195.11992161853405
XMN,OLP-a,XLC,79.28068571769522
XMN,OLP-a,ROW,47.12099274214468
XMN,GSP-a,CHN,387.2503045510771
XMN,GSP-a,XEA,52.75613198885527
XMN,GSP-a,USA,145.9677722765305
XMN,GSP-a,RUS,17.881174282393058
XMN,GSP-a,EUR,714.1810422552633
XMN,GSP-a,XOE,282.9965147458022
XMN,GSP-a,OPC,67.18789654501316
XMN,GSP-a,SAS,179.68944548892154
XMN,GSP-a,XLC,36.158480127064976
XMN,GSP-a,ROW,212.12314944190604
XMN,NUC-a,CHN,949.9029524740455
XMN,NUC-a,XEA,9.309313826904157
XMN,NUC-a,USA,716.7056710362813
XMN,NUC-a,RUS,15.02640410461754
XMN,NUC-a,EUR,4187.359651266408
XMN,NUC-a,XOE,626.1710552242803
XMN,NUC-a,OPC,123.72621459523651
XMN,NUC-a,SAS,209.30737122077545
XMN,NUC-a,XLC,7.777914134003338
XMN,NUC-a,ROW,920.5076719996644
XMN,HYD-a,CHN,6345.551299232235
XMN,HYD-a,XEA,103.58509633577447
XMN,HYD-a,USA,156.80974018587102
XMN,HYD-a,RUS,9.385202241915977
XMN,HYD-a,EUR,1158.9906421419737
XMN,HYD-a,XOE,362.3806339345997
XMN,HYD-a,OPC,544.149882537554
XMN,HYD-a,SAS,486.07315257254453
XMN,HYD-a,XLC,100.81437892570948
XMN,HYD-a,ROW,498.0266126624318
XMN,SOL-a,CHN,18.962608695369127
XMN,SOL-a,XEA,0.05847030897203026
XMN,SOL-a,USA,3.798407595052911
XMN,SOL-a,EUR,527.9397585172215
XMN,SOL-a,XOE,21.903569337708372
XMN,SOL-a,SAS,6.509090536952026
XMN,SOL-a,XLC,0.0672542476442345
XMN,SOL-a,ROW,1.3790885629256964
XMN,WND-a,CHN,774.9801839105469
XMN,WND-a,XEA,0.8110874010482583
XMN,WND-a,USA,75.7938191584663
XMN,WND-a,EUR,1105.1685616224574
XMN,WND-a,XOE,35.945938837286604
XMN,WND-a,OPC,20.980764686370957
XMN,WND-a,SAS,152.60392040073327
XMN,WND-a,XLC,1.7998233014054934
XMN,WND-a,ROW,56.806962484237744
XMN,XEL-a,CHN,717.391480632153
XMN,XEL-a,XEA,9.964643709682461
XMN,XEL-a,USA,72.71882393567415
XMN,XEL-a,RUS,0.44913966800777416
XMN,XEL-a,EUR,1391.570220443129
XMN,XEL-a,XOE,116.54323112872736
XMN,XEL-a,OPC,243.4223066605924
XMN,XEL-a,SAS,146.60904964016
XMN,XEL-a,XLC,27.590374997815637
XMN,XEL-a,ROW,20.598153805010785
XMN,SRV-a,CHN,723701.8444235489
XMN,SRV-a,XEA,168116.5010434404
XMN,SRV-a,USA,833729.521959656
XMN,SRV-a,RUS,99862.6703276366
XMN,SRV-a,EUR,805441.5246661357
XMN,SRV-a,XOE,573600.776239541
XMN,SRV-a,OPC,171034.6238561993
XMN,SRV-a,SAS,98542.21771068433
XMN,SRV-a,XLC,108917.00235688378
XMN,SRV-a,ROW,157854.27086688814
SRV,AGR-a,CHN,54413.444944557334
SRV,AGR-a,XEA,19626.22206885333
SRV,AGR-a,USA,93182.72554855965
SRV,AGR-a,RUS,7438.455092813842
SRV,AGR-a,EUR,59269.61952759229
SRV,AGR-a,XOE,46529.84518664374
SRV,AGR-a,OPC,47208.435544422224
SRV,AGR-a,SAS,38364.189450104575
SRV,AGR-a,XLC,31396.82779033945
SRV,AGR-a,ROW,38120.9223979618
SRV,FRS-a,CHN,6035.473850939584
SRV,FRS-a,XEA,2198.946404191189
SRV,FRS-a,USA,8169.286844561738
SRV,FRS-a,RUS,2719.6906941075085
SRV,FRS-a,EUR,4863.079716699412
SRV,FRS-a,XOE,5239.582592810588
SRV,FRS-a,OPC,1809.2523926649324
SRV,FRS-a,SAS,4434.664263082619
SRV,FRS-a,XLC,1945.534989089321
SRV,FRS-a,ROW,4004.051040897576
SRV,COA-a,CHN,22456.296319322686
SRV,COA-a,XEA,3859.1912690016143
SRV,COA-a,USA,16926.746492327893
SRV,COA-a,RUS,5562.250606879554
SRV,COA-a,EUR,7303.27336356135
SRV,COA-a,XOE,14204.906621601573
SRV,COA-a,OPC,1761.3602444642454
SRV,COA-a,SAS,839.7385111136807
SRV,COA-a,XLC,1385.6415004887963
SRV,COA-a,ROW,6728.096057523424
SRV,OIL-a,CHN,11106.369997965678
SRV,OIL-a,XEA,7336.506359766296
SRV,OIL-a,USA,35933.047512990976
SRV,OIL-a,RUS,68711.37485418172
SRV,OIL-a,EUR,13602.898565952135
SRV,OIL-a,XOE,18348.336613728487
SRV,OIL-a,OPC,87366.27600327246
SRV,OIL-a,SAS,3727.381893816398
SRV,OIL-a,XLC,12423.228354614223
SRV,OIL-a,ROW,18282.44343745385
SRV,GAS-a,CHN,203.01660698911667
SRV,GAS-a,XEA,8518.876096062391
SRV,GAS-a,USA,31252.838689677694
SRV,GAS-a,RUS,46838.71170243925
SRV,GAS-a,EUR,10598.43338666475
SRV,GAS-a,XOE,7278.677185400123
SRV,GAS-a,OPC,8570.699996934307
SRV,GAS-a,SAS,5332.588140153145
SRV,GAS-a,XLC,1935.674827270712
SRV,GAS-a,ROW,12855.027683545453
SRV,OXT-a,CHN,40235.55265926418
SRV,OXT-a,XEA,9261.74358179816
SRV,OXT-a,USA,7120.491074632842
SRV,OXT-a,RUS,3571.966909466722
SRV,OXT-a,EUR,24271.177339311813
SRV,OXT-a,XOE,35142.794986200635
SRV,OXT-a,OPC,28031.928603440003
SRV,OXT-a,SAS,4397.279166478469
SRV,OXT-a,XLC,15962.485854843513
SRV,OXT-a,ROW,13199.160820384048
SRV,EIT-a,CHN,418717.1158308865
SRV,EIT-a,XEA,95639.56849044307
SRV,EIT-a,USA,407121.8959783982
SRV,EIT-a,RUS,37853.98451505136
SRV,EIT-a,EUR,627785.7155693631
SRV,EIT-a,XOE,333819.3184715803
SRV,EIT-a,OPC,99048.68635018806
SRV,EIT-a,SAS,68625.02586329807
SRV,EIT-a,XLC,93160.01545587972
SRV,EIT-a,ROW,113232.09246117943
SRV,XMN-a,CHN,712409.0632974871
SRV,XMN-a,XEA,238802.80749992115
SRV,XMN-a,USA,888906.4764815823
SRV,XMN-a,RUS,74017.94483623422
SRV,XMN-a,EUR,1228396.091043766
SRV,XMN-a,XOE,681554.5104814956
SRV,XMN-a,OPC,212519.3733881995
SRV,XMN-a,SAS,242014.1393633153
SRV,XMN-a,XLC,191933.67659985568
SRV,XMN-a,ROW,230456.53709601637
SRV,P_C-a,CHN,13225.516621549006
SRV,P_C-a,XEA,6867.39895291405
SRV,P_C-a,USA,43418.55601065189
SRV,P_C-a,RUS,5273.566196894931
SRV,P_C-a,EUR,20426.68220463775
SRV,P_C-a,XOE,20646.43166844254
SRV,P_C-a,OPC,8315.307363166792
SRV,P_C-a,SAS,7208.545870274189
SRV,P_C-a,XLC,10736.364558335807
SRV,P_C-a,ROW,6172.019119698239
SRV,ETD-a,CHN,15756.882804553854
SRV,ETD-a,XEA,1745.62525969992
SRV,ETD-a,USA,30555.122791598
SRV,ETD-a,RUS,4229.441431305034
SRV,ETD-a,EUR,33974.631968791036
SRV,ETD-a,XOE,30793.650112963805
SRV,ETD-a,OPC,7604.841442689737
SRV,ETD-a,SAS,9967.440417460952
SRV,ETD-a,XLC,3507.200823613353
SRV,ETD-a,ROW,8434.460358116174
SRV,CLP-a,CHN,4084.801152354661
SRV,CLP-a,XEA,456.56764604133264
SRV,CLP-a,USA,17096.97417380007
SRV,CLP-a,RUS,146.47304882839884
SRV,CLP-a,EUR,11654.845582378182
SRV,CLP-a,XOE,8092.6830118866565
SRV,CLP-a,OPC,1645.6522484576622
SRV,CLP-a,SAS,9844.481939011785
SRV,CLP-a,XLC,357.97218118614336
SRV,CLP-a,ROW,2780.881618329138
SRV,OLP-a,CHN,110.52063406217844
SRV,OLP-a,XEA,143.3054757070875
SRV,OLP-a,USA,559.0260893628479
SRV,OLP-a,RUS,36.31004799339225
SRV,OLP-a,EUR,893.1013811125641
SRV,OLP-a,XOE,4411.276690915709
SRV,OLP-a,OPC,1291.832086276756
SRV,OLP-a,SAS,2076.606627193453
SRV,OLP-a,XLC,994.9790440292804
SRV,OLP-a,ROW,188.22870382270543
SRV,GSP-a,CHN,357.14583039377095
SRV,GSP-a,XEA,150.90667499195354
SRV,GSP-a,USA,3476.6414216057856
SRV,GSP-a,RUS,254.99758671828326
SRV,GSP-a,EUR,2945.6967229484385
SRV,GSP-a,XOE,3998.9290486932623
SRV,GSP-a,OPC,742.8445051859657
SRV,GSP-a,SAS,1009.9049028944652
SRV,GSP-a,XLC,610.3897841458345
SRV,GSP-a,ROW,972.4484053918366
SRV,NUC-a,CHN,876.0580297429525
SRV,NUC-a,XEA,32.322460729447336
SRV,NUC-a,USA,17070.403289309965
SRV,NUC-a,RUS,214.32516685557292
SRV,NUC-a,EUR,19547.92810702277
SRV,NUC-a,XOE,5989.962534955101
SRV,NUC-a,OPC,521.6239899244109
SRV,NUC-a,SAS,1132.014546557238
SRV,NUC-a,XLC,163.24228026432846
SRV,NUC-a,ROW,4176.307757896786
SRV,HYD-a,CHN,5852.253665276695
SRV,HYD-a,XEA,187.0142332651654
SRV,HYD-a,USA,3734.873941441982
SRV,HYD-a,RUS,133.86765967276608
SRV,HYD-a,EUR,4434.259281828282
SRV,HYD-a,XOE,7709.4260434579855
SRV,HYD-a,OPC,2750.581399497842
SRV,HYD-a,SAS,2793.649596717333
SRV,HYD-a,XLC,1241.741210247649
SRV,HYD-a,ROW,1809.633586241724
SRV,SOL-a,CHN,17.48853621915137
SRV,SOL-a,XEA,0.9006661153745896
SRV,SOL-a,USA,90.46997409506139
SRV,SOL-a,EUR,2123.536434501911
SRV,SOL-a,XOE,373.45439480170967
SRV,SOL-a,SAS,29.88840410000388
SRV,SOL-a,XLC,0.6943898496906838
SRV,SOL-a,ROW,7.199269293812668
SRV,WND-a,CHN,714.7339529600782
SRV,WND-a,XEA,2.099164515046587
SRV,WND-a,USA,1805.2474035057223
SRV,WND-a,RUS,2.77642821316139e-05
SRV,WND-a,EUR,5736.850643376346
SRV,WND-a,XOE,570.6245830005373
SRV,WND-a,OPC,88.90902888677374
SRV,WND-a,SAS,704.1256049462589
SRV,WND-a,XLC,36.77787910721084
SRV,WND-a,ROW,104.03315316447708
SRV,XEL-a,CHN,661.6221498877833
SRV,XEL-a,XEA,75.80035646664383
SRV,XEL-a,USA,1732.007567842297
SRV,XEL-a,RUS,6.405545155449545
SRV,XEL-a,EUR,5593.397137460297
SRV,XEL-a,XOE,2681.061533093154
SRV,XEL-a,OPC,1024.831174417703
SRV,XEL-a,SAS,676.6881932030346
SRV,XEL-a,XLC,387.14310415749793
SRV,XEL-a,ROW,54.27433099337076
SRV,SRV-a,CHN,1386557.1200843074
SRV,SRV-a,XEA,813027.4401251773
SRV,SRV-a,USA,4918664.80933804
SRV,SRV-a,RUS,336482.56967855553
SRV,SRV-a,EUR,6179640.318002345
SRV,SRV-a,XOE,3618457.5600222014
SRV,SRV-a,OPC,924222.511292234
SRV,SRV-a,SAS,326117.547467879
SRV,SRV-a,XLC,605595.2584447557
SRV,SRV-a,ROW,708840.1063101186
ELY,AGR-a,CHN,4934.522768585059
ELY,AGR-a,XEA,439.3684548288328
ELY,AGR-a,USA,3467.7409464216767
ELY,AGR-a,RUS,2694.8052757269206
ELY,AGR-a,EUR,6566.793624756812
ELY,AGR-a,XOE,2253.700126252439
ELY,AGR-a,OPC,6634.940926850701
ELY,AGR-a,SAS,18646.798035914122
ELY,AGR-a,XLC,1981.6165505399624
ELY,AGR-a,ROW,6013.33059164081
ELY,FRS-a,CHN,108.55096806585223
ELY,FRS-a,XEA,14.617228907626782
ELY,FRS-a,USA,31.872795316450823
ELY,FRS-a,RUS,995.0069431609761
ELY,FRS-a,EUR,325.7406476938643
ELY,FRS-a,XOE,118.66953947197908
ELY,FRS-a,OPC,106.78009575367909
ELY,FRS-a,SAS,79.61202179394775
ELY,FRS-a,XLC,39.92630095714631
ELY,FRS-a,ROW,197.59077271572593
ELY,COA-a,CHN,4576.6527957375465
ELY,COA-a,XEA,2.915186095530289
ELY,COA-a,USA,1225.7106880202857
ELY,COA-a,RUS,818.2280665891774
ELY,COA-a,EUR,2287.0769938534736
ELY,COA-a,XOE,983.0108068941217
ELY,COA-a,OPC,109.50903790159037
ELY,COA-a,SAS,3.748770338370763
ELY,COA-a,XLC,1.7059462001473598
ELY,COA-a,ROW,2211.9758001693763
ELY,OIL-a,CHN,1761.8008676257186
ELY,OIL-a,XEA,7.315884280864045
ELY,OIL-a,USA,1071.0187486151972
ELY,OIL-a,RUS,2770.3412386865184
ELY,OIL-a,EUR,450.0321241937468
ELY,OIL-a,XOE,1047.6054051913834
ELY,OIL-a,OPC,1439.9067004629485
ELY,OIL-a,SAS,1.0664557288652223
ELY,OIL-a,XLC,422.76781933248833
ELY,OIL-a,ROW,293.01924441986426
ELY,GAS-a,CHN,1334.1313057540683
ELY,GAS-a,XEA,47.020914118773774
ELY,GAS-a,USA,1969.4872290664698
ELY,GAS-a,RUS,3067.385013259604
ELY,GAS-a,EUR,1136.4197212586105
ELY,GAS-a,XOE,1423.175091318102
ELY,GAS-a,OPC,291.1852076139392
ELY,GAS-a,SAS,1.6096997307380898
ELY,GAS-a,XLC,137.0506814953904
ELY,GAS-a,ROW,501.99120690559516
ELY,OXT-a,CHN,7036.630289857252
ELY,OXT-a,XEA,738.317989695141
ELY,OXT-a,USA,3747.1980639646335
ELY,OXT-a,RUS,1981.2256029560115
ELY,OXT-a,EUR,3358.4673266749596
ELY,OXT-a,XOE,5438.255243989801
ELY,OXT-a,OPC,3103.481961858865
ELY,OXT-a,SAS,2109.7393135062916
ELY,OXT-a,XLC,5524.778528125191
ELY,OXT-a,ROW,4962.874462351303
ELY,EIT-a,CHN,113405.35973017594
ELY,EIT-a,XEA,20680.5531286974
ELY,EIT-a,USA,44842.41023649269
ELY,EIT-a,RUS,28925.009280985298
ELY,EIT-a,EUR,115838.88995874638
ELY,EIT-a,XOE,76966.66660659332
ELY,EIT-a,OPC,36392.43834293167
ELY,EIT-a,SAS,29002.493023187286
ELY,EIT-a,XLC,18102.716873243757
ELY,EIT-a,ROW,38596.08651305258
ELY,XMN-a,CHN,48715.631364282905
ELY,XMN-a,XEA,18607.700200327632
ELY,XMN-a,USA,36206.45559932939
ELY,XMN-a,RUS,12603.117028301882
ELY,XMN-a,EUR,65965.2041623431
ELY,XMN-a,XOE,34504.04731554467
ELY,XMN-a,OPC,14683.70383410313
ELY,XMN-a,SAS,20679.740408899757
ELY,XMN-a,XLC,9232.772622244887
ELY,XMN-a,ROW,20722.49767229546
ELY,P_C-a,CHN,7745.730436997766
ELY,P_C-a,XEA,348.8648670136155
ELY,P_C-a,USA,6985.385470443256
ELY,P_C-a,RUS,5567.871783482978
ELY,P_C-a,EUR,13363.108432831643
ELY,P_C-a,XOE,4974.292894639566
ELY,P_C-a,OPC,3476.810713739891
ELY,P_C-a,SAS,2.9374504344460237
ELY,P_C-a,XLC,458.0263124347373
ELY,P_C-a,ROW,4377.54548126997
ELY,ETD-a,CHN,3846.9870764618972
ELY,ETD-a,XEA,2313.154091674032
ELY,ETD-a,USA,4815.535965176579
ELY,ETD-a,RUS,3397.010815593981
ELY,ETD-a,EUR,3418.309561962029
ELY,ETD-a,XOE,2273.690234721522
ELY,ETD-a,OPC,4148.344886049694
ELY,ETD-a,SAS,1758.5782913695127
ELY,ETD-a,XLC,1060.2808862659833
ELY,ETD-a,ROW,2281.2357545549353
ELY,CLP-a,CHN,14879.277892234972
ELY,CLP-a,XEA,840.6979094829089
ELY,CLP-a,USA,9651.46592244873
ELY,CLP-a,RUS,44.214172554022376
ELY,CLP-a,EUR,7086.535858412938
ELY,CLP-a,XOE,4535.455654494144
ELY,CLP-a,OPC,1005.3987505398691
ELY,CLP-a,SAS,5291.361445738854
ELY,CLP-a,XLC,348.2456250737492
ELY,CLP-a,ROW,3233.110970405017
ELY,OLP-a,CHN,35.213979803768034
ELY,OLP-a,XEA,129.6634066813769
ELY,OLP-a,USA,123.30819252794652
ELY,OLP-a,RUS,7.40362806757912
ELY,OLP-a,EUR,506.6244324512613
ELY,OLP-a,XOE,980.1671546328794
ELY,OLP-a,OPC,829.103515299037
ELY,OLP-a,SAS,345.61088250906505
ELY,OLP-a,XLC,540.7560545095812
ELY,OLP-a,ROW,133.31724871455293
ELY,GSP-a,CHN,402.85297925082966
ELY,GSP-a,XEA,647.5606099122754
ELY,GSP-a,USA,4100.459885739562
ELY,GSP-a,RUS,144.82574558319817
ELY,GSP-a,EUR,4065.6705616146282
ELY,GSP-a,XOE,3393.4198881882185
ELY,GSP-a,OPC,1741.9778954127105
ELY,GSP-a,SAS,1050.1280018301486
ELY,GSP-a,XLC,1138.0704197734267
ELY,GSP-a,ROW,1809.3826024039224
ELY,NUC-a,CHN,367.322474190291
ELY,NUC-a,XEA,49.558394203813485
ELY,NUC-a,USA,4040.26498099814
ELY,NUC-a,RUS,47.86993320902379
ELY,NUC-a,EUR,5544.55936139822
ELY,NUC-a,XOE,1342.7408546954393
ELY,NUC-a,OPC,8.263619796523926
ELY,NUC-a,SAS,273.3428533653525
ELY,NUC-a,XLC,67.96129884015261
ELY,NUC-a,ROW,1916.6394586454242
ELY,HYD-a,CHN,1947.131025510147
ELY,HYD-a,XEA,293.18442839144154
ELY,HYD-a,USA,1392.6849319160572
ELY,HYD-a,RUS,45.90548972012126
ELY,HYD-a,EUR,1547.933822462961
ELY,HYD-a,XOE,1265.1963356011547
ELY,HYD-a,OPC,641.9782421482087
ELY,HYD-a,SAS,857.5532071746226
ELY,HYD-a,XLC,489.10587870527684
ELY,HYD-a,ROW,1197.7509166380137
ELY,SOL-a,CHN,6.064295892013902
ELY,SOL-a,XEA,0.3152741021735503
ELY,SOL-a,USA,26.03411826023503
ELY,SOL-a,EUR,289.5216558600274
ELY,SOL-a,XOE,47.17173100875516
ELY,SOL-a,SAS,3.964736645479556
ELY,SOL-a,XLC,0.20028011127830764
ELY,SOL-a,ROW,3.063136593068131
ELY,WND-a,CHN,225.13860702792118
ELY,WND-a,XEA,2.739330788985663
ELY,WND-a,USA,542.5247612482336
ELY,WND-a,EUR,1212.63403045811
ELY,WND-a,XOE,118.16976975786383
ELY,WND-a,OPC,1.4936085656663636
ELY,WND-a,SAS,142.38711841488615
ELY,WND-a,XLC,10.874962553506226
ELY,WND-a,ROW,79.54127275691962
ELY,XEL-a,CHN,147.31013998942157
ELY,XEL-a,XEA,78.06921905894228
ELY,XEL-a,USA,426.1638173764437
ELY,XEL-a,RUS,0.9131606299779685
ELY,XEL-a,EUR,1080.9047481551597
ELY,XEL-a,XOE,364.2441507084295
ELY,XEL-a,OPC,14.866768386540741
ELY,XEL-a,SAS,109.76973174159595
ELY,XEL-a,XLC,101.07321772308144
ELY,XEL-a,ROW,22.143418112421635
ELY,SRV-a,CHN,36361.25405720239
ELY,SRV-a,XEA,29755.37652924769
ELY,SRV-a,USA,154322.91255653312
ELY,SRV-a,RUS,24636.805876620154
ELY,SRV-a,EUR,164314.64214678685
ELY,SRV-a,XOE,120535.47325400994
ELY,SRV-a,OPC,51195.56026296939
ELY,SRV-a,SAS,26096.530435772685
ELY,SRV-a,XLC,17816.52002331395
ELY,SRV-a,ROW,43837.33576940946
