MARG,COMM,SRC,DST,value
SRV,FRS,CHN,XEA,2.904800346230952
SRV,FRS,CHN,USA,7.933561322275071
SRV,FRS,CHN,RUS,0.03937698085751787
SRV,FRS,CHN,EUR,12.109305911567574
SRV,FRS,CHN,XOE,13.90918100743889
SRV,FRS,CHN,OPC,0.49919469260054694
SRV,FRS,CHN,SAS,3.6422942863572763
SRV,FRS,CHN,XLC,0.3021255657507056
SRV,FRS,CHN,ROW,0.7732181562415512
SRV,FRS,XEA,CHN,172.15599841500926
SRV,FRS,XEA,XEA,69.06994166325235
SRV,FRS,XEA,USA,2.725096848581213
SRV,FRS,XEA,RUS,0.004534580272127908
SRV,FRS,XEA,EUR,8.9919716007725
SRV,FRS,XEA,XOE,24.444576172832377
SRV,FRS,XEA,OPC,0.7425358463729691
SRV,FRS,XEA,SAS,135.97167125731426
SRV,FRS,XEA,XLC,0.2767274598868469
SRV,FRS,XEA,ROW,0.9804192814620244
SRV,FRS,USA,CHN,110.96799407398937
SRV,FRS,USA,XEA,8.971663477032475
SRV,FRS,USA,RUS,0.5305016767409229
SRV,FRS,USA,EUR,9.532725698465166
SRV,FRS,USA,XOE,128.32049546258784
SRV,FRS,USA,OPC,3.2731101473692767
SRV,FRS,USA,SAS,1.2860494108511524
SRV,FRS,USA,XLC,6.7553116103562525
SRV,FRS,USA,ROW,1.9359946380391275
SRV,FRS,RUS,CHN,208.77889527338507
SRV,FRS,RUS,XEA,0.05926785163013025
SRV,FRS,RUS,EUR,44.73799371275022
SRV,FRS,RUS,XOE,20.71626542273621
SRV,FRS,RUS,OPC,0.24839356942334753
SRV,FRS,RUS,SAS,0.002061001447940143
SRV,FRS,RUS,ROW,6.1696551683040095
SRV,FRS,EUR,CHN,29.782915725115352
SRV,FRS,EUR,XEA,3.412117195474028
SRV,FRS,EUR,USA,10.117776765560457
SRV,FRS,EUR,RUS,4.139938358771181
SRV,FRS,EUR,EUR,360.971386214974
SRV,FRS,EUR,XOE,3.409483803054163
SRV,FRS,EUR,OPC,14.650405570470276
SRV,FRS,EUR,SAS,4.543447870835523
SRV,FRS,EUR,XLC,1.0202614483580488
SRV,FRS,EUR,ROW,14.04288813634402
SRV,FRS,XOE,CHN,266.1483280782153
SRV,FRS,XOE,XEA,5.330656690986435
SRV,FRS,XOE,USA,19.456457208553758
SRV,FRS,XOE,RUS,0.005095998531408269
SRV,FRS,XOE,EUR,2.6000260866880467
SRV,FRS,XOE,XOE,142.86431266807386
SRV,FRS,XOE,OPC,0.25003627859725863
SRV,FRS,XOE,SAS,30.212023717453356
SRV,FRS,XOE,XLC,0.741488472103884
SRV,FRS,XOE,ROW,1.3087105654959792
SRV,FRS,OPC,CHN,29.785337151992266
SRV,FRS,OPC,XEA,2.291754718353531
SRV,FRS,OPC,USA,0.5212174975161772
SRV,FRS,OPC,RUS,0.047111613084207506
SRV,FRS,OPC,EUR,12.470291769535216
SRV,FRS,OPC,XOE,0.1559034742443679
SRV,FRS,OPC,OPC,2.538518376751407
SRV,FRS,OPC,SAS,8.016775444716101
SRV,FRS,OPC,XLC,0.5416954017718185
SRV,FRS,OPC,ROW,1.7844003633308891
SRV,FRS,SAS,CHN,0.7131968621953686
SRV,FRS,SAS,XEA,1.043905527820198
SRV,FRS,SAS,USA,3.5965965856505466
SRV,FRS,SAS,RUS,0.0793639744857159
SRV,FRS,SAS,EUR,9.551689920138076
SRV,FRS,SAS,XOE,2.39785461846431
SRV,FRS,SAS,OPC,1.5913858715200921
SRV,FRS,SAS,SAS,8.07748606474463
SRV,FRS,SAS,XLC,0.24847180441141029
SRV,FRS,SAS,ROW,1.5567873473433307
SRV,FRS,XLC,CHN,13.396351055912339
SRV,FRS,XLC,XEA,5.203628168828595
SRV,FRS,XLC,USA,15.408322245002877
SRV,FRS,XLC,RUS,0.18172270424583029
SRV,FRS,XLC,EUR,27.26825736813087
SRV,FRS,XLC,XOE,3.768669665562511
SRV,FRS,XLC,OPC,1.0281317627441944
SRV,FRS,XLC,SAS,17.81852607642086
SRV,FRS,XLC,XLC,2.415382843396013
SRV,FRS,XLC,ROW,0.23994534743458637
SRV,FRS,ROW,CHN,77.46845978397099
SRV,FRS,ROW,XEA,13.177729521921076
SRV,FRS,ROW,USA,2.6451767896390828
SRV,FRS,ROW,RUS,2.046579759809186
SRV,FRS,ROW,EUR,100.2586933090233
SRV,FRS,ROW,XOE,2.135328961987803
SRV,FRS,ROW,OPC,2.2949500172591546
SRV,FRS,ROW,SAS,20.135143129962195
SRV,FRS,ROW,XLC,0.19070674530858767
SRV,FRS,ROW,ROW,40.46528348284264
SRV,COA,CHN,XEA,86.91149244132039
SRV,COA,CHN,USA,0.6249742219322825
SRV,COA,CHN,RUS,0.0012645463279299446
SRV,COA,CHN,EUR,0.5501296946167505
SRV,COA,CHN,XOE,106.1967734437696
SRV,COA,CHN,OPC,0.031052658264512114
SRV,COA,CHN,SAS,8.567649463920171
SRV,COA,CHN,XLC,0.0017622820080960004
SRV,COA,CHN,ROW,0.055014602217062586
SRV,COA,XEA,CHN,1465.5751179687456
SRV,COA,XEA,XEA,1011.7474787088565
SRV,COA,XEA,USA,8.06047767063612
SRV,COA,XEA,RUS,0.6890019369461059
SRV,COA,XEA,EUR,129.5887086157663
SRV,COA,XEA,XOE,1007.5714395027856
SRV,COA,XEA,OPC,2.1218757462547675
SRV,COA,XEA,SAS,538.9609849711528
SRV,COA,XEA,XLC,7.932617012730191
SRV,COA,XEA,ROW,83.1462119504393
SRV,COA,USA,CHN,41.83717898496866
SRV,COA,USA,XEA,0.4017412261014307
SRV,COA,USA,RUS,90.8479308163981
SRV,COA,USA,EUR,309.5782497023711
SRV,COA,USA,XOE,249.51773978234198
SRV,COA,USA,OPC,90.98949111560553
SRV,COA,USA,SAS,30.481327103657467
SRV,COA,USA,XLC,45.943944297386395
SRV,COA,USA,ROW,200.7062617459662
SRV,COA,RUS,CHN,144.3445969709572
SRV,COA,RUS,XEA,28.08241448883935
SRV,COA,RUS,USA,0.007969702236852205
SRV,COA,RUS,EUR,854.9216501196632
SRV,COA,RUS,XOE,405.5817857780845
SRV,COA,RUS,OPC,23.696013491955387
SRV,COA,RUS,SAS,10.53693866756963
SRV,COA,RUS,XLC,0.00025441009752327916
SRV,COA,RUS,ROW,191.26223253283078
SRV,COA,EUR,CHN,0.001730435908644898
SRV,COA,EUR,XEA,0.05086033472104878
SRV,COA,EUR,USA,0.006144238979380535
SRV,COA,EUR,RUS,0.04632184988090429
SRV,COA,EUR,EUR,411.9410792665846
SRV,COA,EUR,XOE,0.6181206345104705
SRV,COA,EUR,OPC,0.2964162305095664
SRV,COA,EUR,SAS,0.6259391690146079
SRV,COA,EUR,XLC,0.0017919373950623801
SRV,COA,EUR,ROW,4.3010917472361605
SRV,COA,XOE,CHN,414.82426902695283
SRV,COA,XOE,XEA,410.8838473981489
SRV,COA,XOE,USA,18.926562822644147
SRV,COA,XOE,RUS,1.1134847105961292
SRV,COA,XOE,EUR,381.9808888869658
SRV,COA,XOE,XOE,2175.1387655011945
SRV,COA,XOE,OPC,135.92208715125508
SRV,COA,XOE,SAS,1573.5436436856296
SRV,COA,XOE,XLC,58.30088256177878
SRV,COA,XOE,ROW,179.06535344560513
SRV,COA,OPC,CHN,0.04601665781011075
SRV,COA,OPC,XEA,0.04000750962112781
SRV,COA,OPC,USA,3.267698817241728
SRV,COA,OPC,RUS,236.47712794529332
SRV,COA,OPC,EUR,98.22298397530163
SRV,COA,OPC,XOE,0.3088336989423377
SRV,COA,OPC,OPC,4.555009806068311
SRV,COA,OPC,SAS,2.253652514638027
SRV,COA,OPC,XLC,0.925441628405592
SRV,COA,OPC,ROW,58.558657760871974
SRV,COA,SAS,CHN,0.1298276236323936
SRV,COA,SAS,XEA,0.02177199947107732
SRV,COA,SAS,USA,2.4372469286377664e-06
SRV,COA,SAS,EUR,0.0002888917844941871
SRV,COA,SAS,XOE,0.00028646977263653973
SRV,COA,SAS,OPC,0.015339638588370619
SRV,COA,SAS,SAS,23.334726723049524
SRV,COA,SAS,XLC,4.866801568521437e-05
SRV,COA,SAS,ROW,0.03632627722764087
SRV,COA,XLC,CHN,0.05092182926926063
SRV,COA,XLC,XEA,0.07383616898177862
SRV,COA,XLC,USA,79.74822088101713
SRV,COA,XLC,RUS,0.005226448213272171
SRV,COA,XLC,EUR,401.66742746270813
SRV,COA,XLC,XOE,35.5357875809003
SRV,COA,XLC,OPC,58.70995019124812
SRV,COA,XLC,SAS,0.0017523346576694306
SRV,COA,XLC,XLC,89.82357688344231
SRV,COA,XLC,ROW,89.99759079608059
SRV,COA,ROW,CHN,258.7517457933673
SRV,COA,ROW,XEA,44.765556095422866
SRV,COA,ROW,USA,0.6340610794105699
SRV,COA,ROW,RUS,5.2567004216776985
SRV,COA,ROW,EUR,212.12197160628395
SRV,COA,ROW,XOE,48.29497458991461
SRV,COA,ROW,OPC,32.681880686693155
SRV,COA,ROW,SAS,171.71218338572285
SRV,COA,ROW,XLC,4.379081945517425
SRV,COA,ROW,ROW,108.14195450806902
SRV,OIL,CHN,XEA,23.314259315864362
SRV,OIL,CHN,USA,0.8010754935904367
SRV,OIL,CHN,EUR,3.458333700117462e-05
SRV,OIL,CHN,XOE,1.698426065815222
SRV,OIL,CHN,OPC,0.0664749399105413
SRV,OIL,CHN,XLC,0.008863803815216202
SRV,OIL,CHN,ROW,0.008595259851397986
SRV,OIL,XEA,CHN,96.63103078242013
SRV,OIL,XEA,XEA,245.78340892868428
SRV,OIL,XEA,USA,48.69852513653945
SRV,OIL,XEA,RUS,0.0075420140134105414
SRV,OIL,XEA,EUR,0.20497790542146108
SRV,OIL,XEA,XOE,689.9093002098562
SRV,OIL,XEA,OPC,0.641927275172476
SRV,OIL,XEA,SAS,102.60676920268064
SRV,OIL,XEA,XLC,0.5781955002141997
SRV,OIL,XEA,ROW,0.13130835181272102
SRV,OIL,USA,XEA,0.10783302518927637
SRV,OIL,USA,EUR,0.06889106132658658
SRV,OIL,USA,XOE,13.266022859824021
SRV,OIL,USA,OPC,0.20380901726541611
SRV,OIL,USA,XLC,0.4771142574201961
SRV,OIL,USA,ROW,0.0260005528692106
SRV,OIL,RUS,CHN,820.7878528342134
SRV,OIL,RUS,XEA,82.87875819162632
SRV,OIL,RUS,USA,435.1518563216906
SRV,OIL,RUS,EUR,5334.681100253862
SRV,OIL,RUS,XOE,574.3495422454168
SRV,OIL,RUS,OPC,2.979521835196032
SRV,OIL,RUS,SAS,8.696082733916041
SRV,OIL,RUS,XLC,8.103266853532268
SRV,OIL,RUS,ROW,528.7201202785776
SRV,OIL,EUR,CHN,9.36919818771027
SRV,OIL,EUR,XEA,0.5992740168285954
SRV,OIL,EUR,USA,166.6005421187959
SRV,OIL,EUR,RUS,0.00014552714570424753
SRV,OIL,EUR,EUR,1326.7458524857761
SRV,OIL,EUR,XOE,68.53530225374448
SRV,OIL,EUR,OPC,0.18577421695277394
SRV,OIL,EUR,SAS,1.064999087406452
SRV,OIL,EUR,XLC,3.3305360039342884
SRV,OIL,EUR,ROW,11.213659869240438
SRV,OIL,XOE,CHN,72.52440056162482
SRV,OIL,XOE,XEA,75.55327610065552
SRV,OIL,XOE,USA,1873.0528659016493
SRV,OIL,XOE,RUS,0.00039674371639583715
SRV,OIL,XOE,EUR,0.14369989194277313
SRV,OIL,XOE,XOE,63.90937750652794
SRV,OIL,XOE,OPC,0.09459458751062103
SRV,OIL,XOE,SAS,14.127432557902383
SRV,OIL,XOE,XLC,18.57145133576053
SRV,OIL,XOE,ROW,0.0695657426690558
SRV,OIL,OPC,CHN,5230.165752248052
SRV,OIL,OPC,XEA,3898.473538249833
SRV,OIL,OPC,USA,7272.657782575304
SRV,OIL,OPC,RUS,0.7868553392728483
SRV,OIL,OPC,EUR,5574.011273853742
SRV,OIL,OPC,XOE,7703.537797856355
SRV,OIL,OPC,OPC,440.44217361951615
SRV,OIL,OPC,SAS,6014.763126748536
SRV,OIL,OPC,XLC,408.8269095522821
SRV,OIL,OPC,ROW,1874.892276361372
SRV,OIL,SAS,CHN,1.9701606104258274e-06
SRV,OIL,SAS,XEA,0.03364828072391109
SRV,OIL,SAS,EUR,4.148513055591392e-06
SRV,OIL,SAS,XOE,0.0010253814309040539
SRV,OIL,SAS,OPC,0.1425797923343294
SRV,OIL,SAS,SAS,6.582382332518905e-06
SRV,OIL,SAS,ROW,0.01167066340206496
SRV,OIL,XLC,CHN,81.53505898778852
SRV,OIL,XLC,XEA,0.2564784688179345
SRV,OIL,XLC,USA,1767.3796441854397
SRV,OIL,XLC,EUR,99.51937534520529
SRV,OIL,XLC,XOE,16.362395195917248
SRV,OIL,XLC,OPC,0.5666228395546061
SRV,OIL,XLC,SAS,43.32904033914515
SRV,OIL,XLC,XLC,192.10625337830584
SRV,OIL,XLC,ROW,0.015596187497054829
SRV,OIL,ROW,CHN,623.7493112905023
SRV,OIL,ROW,XEA,167.49868499469505
SRV,OIL,ROW,USA,465.96094805257866
SRV,OIL,ROW,RUS,0.029191332486974985
SRV,OIL,ROW,EUR,865.8013040295317
SRV,OIL,ROW,XOE,130.84149241537892
SRV,OIL,ROW,OPC,19.295537400529497
SRV,OIL,ROW,SAS,182.39920908781986
SRV,OIL,ROW,XLC,36.27047845726779
SRV,OIL,ROW,ROW,136.35103791349155
SRV,GAS,CHN,XEA,0.007907623402840376
SRV,GAS,CHN,EUR,9.561891152419211e-07
SRV,GAS,CHN,XOE,0.006643627563323292
SRV,GAS,CHN,OPC,0.0019238020737608063
SRV,GAS,CHN,ROW,0.007736306729604583
SRV,GAS,XEA,CHN,0.07251144880370874
SRV,GAS,XEA,XEA,374.9055446204951
SRV,GAS,XEA,USA,1.0306389918432144
SRV,GAS,XEA,RUS,1.9440728927094832
SRV,GAS,XEA,EUR,7.339010688000509
SRV,GAS,XEA,XOE,1208.2356041481023
SRV,GAS,XEA,OPC,4.008756026960986
SRV,GAS,XEA,SAS,0.11087733507176806
SRV,GAS,XEA,XLC,1.2794005826780877
SRV,GAS,XEA,ROW,2.1920933373598763
SRV,GAS,USA,CHN,0.8119784036861566
SRV,GAS,USA,XEA,0.03182728218524904
SRV,GAS,USA,EUR,3.5412594564673434e-06
SRV,GAS,USA,XOE,147.88316248414642
SRV,GAS,USA,OPC,3.2259103822198956
SRV,GAS,USA,XLC,121.71997069418725
SRV,GAS,USA,ROW,0.026828395956163303
SRV,GAS,RUS,XEA,0.020716518413270546
SRV,GAS,RUS,EUR,874.050011150831
SRV,GAS,RUS,XOE,0.04382589115879893
SRV,GAS,RUS,OPC,8.612669251440057
SRV,GAS,RUS,ROW,1353.5829502628637
SRV,GAS,EUR,CHN,0.00011634729830128289
SRV,GAS,EUR,XEA,0.016114265561512783
SRV,GAS,EUR,USA,3.52423521491545
SRV,GAS,EUR,RUS,0.0012514986538176862
SRV,GAS,EUR,EUR,887.1765150780486
SRV,GAS,EUR,XOE,0.01905361084162763
SRV,GAS,EUR,OPC,0.00791758581446323
SRV,GAS,EUR,SAS,1.1650514458325812e-05
SRV,GAS,EUR,XLC,0.016873311953543482
SRV,GAS,EUR,ROW,3.1215057573171525
SRV,GAS,XOE,CHN,6.4014847823777234
SRV,GAS,XOE,XEA,10.464411564080205
SRV,GAS,XOE,USA,675.9181113067754
SRV,GAS,XOE,RUS,0.018264474465996303
SRV,GAS,XOE,EUR,0.03699279734167425
SRV,GAS,XOE,XOE,394.0931962790416
SRV,GAS,XOE,OPC,0.012918989777388177
SRV,GAS,XOE,SAS,0.0003305381072654999
SRV,GAS,XOE,XLC,3.1665786589914138
SRV,GAS,XOE,ROW,0.011382207747661834
SRV,GAS,OPC,CHN,0.8134462506924672
SRV,GAS,OPC,XEA,167.6942856102582
SRV,GAS,OPC,USA,176.18088360735388
SRV,GAS,OPC,RUS,0.35085387182177935
SRV,GAS,OPC,EUR,1644.2987873162301
SRV,GAS,OPC,XOE,1004.1774466624689
SRV,GAS,OPC,OPC,1.4322394721822522
SRV,GAS,OPC,SAS,302.04801385644043
SRV,GAS,OPC,XLC,85.80941061842883
SRV,GAS,OPC,ROW,623.419319932022
SRV,GAS,SAS,XEA,0.006550029153826631
SRV,GAS,SAS,EUR,3.6761829409260526e-09
SRV,GAS,SAS,XOE,4.208106878562352e-05
SRV,GAS,SAS,OPC,0.0016745209795175288
SRV,GAS,SAS,SAS,7.70426005654732e-07
SRV,GAS,SAS,ROW,0.005698782893223164
SRV,GAS,XLC,CHN,5.47917228603983e-05
SRV,GAS,XLC,XEA,2.869411608551407
SRV,GAS,XLC,USA,56.29054026323283
SRV,GAS,XLC,EUR,50.577147931196414
SRV,GAS,XLC,XOE,6.5888877046023735
SRV,GAS,XLC,OPC,35.175642524324196
SRV,GAS,XLC,SAS,10.805533641601713
SRV,GAS,XLC,XLC,15.126540689043024
SRV,GAS,XLC,ROW,0.09962885886968051
SRV,GAS,ROW,CHN,0.013878611214372548
SRV,GAS,ROW,XEA,15.6899796848628
SRV,GAS,ROW,USA,8.818101558534519
SRV,GAS,ROW,RUS,0.43492984399214424
SRV,GAS,ROW,EUR,56.89835889208858
SRV,GAS,ROW,XOE,40.41523326296661
SRV,GAS,ROW,OPC,89.4668373369632
SRV,GAS,ROW,SAS,0.019331427505804525
SRV,GAS,ROW,XLC,0.11676646153300815
SRV,GAS,ROW,ROW,286.0892585316455
SRV,P_C,CHN,XEA,1039.6717321108367
SRV,P_C,CHN,USA,65.33162134373073
SRV,P_C,CHN,RUS,118.20615649755015
SRV,P_C,CHN,EUR,178.9788939449964
SRV,P_C,CHN,XOE,372.27839886507627
SRV,P_C,CHN,OPC,243.81016858969707
SRV,P_C,CHN,SAS,250.21786416220706
SRV,P_C,CHN,XLC,31.814056014656465
SRV,P_C,CHN,ROW,128.05227773815463
SRV,P_C,XEA,CHN,338.1267214774647
SRV,P_C,XEA,XEA,2284.299834011849
SRV,P_C,XEA,USA,65.44877403150703
SRV,P_C,XEA,RUS,0.5669998807296663
SRV,P_C,XEA,EUR,95.28482894657601
SRV,P_C,XEA,XOE,575.515003867591
SRV,P_C,XEA,OPC,29.51029943845954
SRV,P_C,XEA,SAS,263.0289619976621
SRV,P_C,XEA,XLC,15.365954490491799
SRV,P_C,XEA,ROW,36.29962570749389
SRV,P_C,USA,CHN,147.76958396322044
SRV,P_C,USA,XEA,111.63872817124081
SRV,P_C,USA,RUS,21.898822972981453
SRV,P_C,USA,EUR,2688.0359612234015
SRV,P_C,USA,XOE,1224.8233245920553
SRV,P_C,USA,OPC,1473.683515066172
SRV,P_C,USA,SAS,86.6309228625168
SRV,P_C,USA,XLC,2591.2197464616943
SRV,P_C,USA,ROW,1325.0766176911102
SRV,P_C,RUS,CHN,212.60329238914463
SRV,P_C,RUS,XEA,63.62520560946262
SRV,P_C,RUS,USA,675.2515505001087
SRV,P_C,RUS,EUR,2457.904283699407
SRV,P_C,RUS,XOE,89.36629040687441
SRV,P_C,RUS,OPC,120.40062925571611
SRV,P_C,RUS,SAS,10.933640495245834
SRV,P_C,RUS,XLC,21.18970941981171
SRV,P_C,RUS,ROW,392.82009588095667
SRV,P_C,EUR,CHN,46.23133370430459
SRV,P_C,EUR,XEA,56.53864548430205
SRV,P_C,EUR,USA,824.884488510527
SRV,P_C,EUR,RUS,71.6946226111117
SRV,P_C,EUR,EUR,3274.263659483462
SRV,P_C,EUR,XOE,122.94375333842137
SRV,P_C,EUR,OPC,585.4075502985808
SRV,P_C,EUR,SAS,27.484646544738364
SRV,P_C,EUR,XLC,115.89492786923985
SRV,P_C,EUR,ROW,1038.2139667512668
SRV,P_C,XOE,CHN,797.3678413662575
SRV,P_C,XOE,XEA,765.372679490457
SRV,P_C,XOE,USA,903.5597175242632
SRV,P_C,XOE,RUS,14.731958473570993
SRV,P_C,XOE,EUR,216.18477902520294
SRV,P_C,XOE,XOE,841.553056179249
SRV,P_C,XOE,OPC,97.06841590660552
SRV,P_C,XOE,SAS,77.9940865713952
SRV,P_C,XOE,XLC,98.7082197579149
SRV,P_C,XOE,ROW,30.74223191768368
SRV,P_C,OPC,CHN,707.769556806473
SRV,P_C,OPC,XEA,1236.3209786596758
SRV,P_C,OPC,USA,872.1734270433582
SRV,P_C,OPC,RUS,3.476220032558887
SRV,P_C,OPC,EUR,1363.1339234193065
SRV,P_C,OPC,XOE,2357.9759181063746
SRV,P_C,OPC,OPC,965.7516233024518
SRV,P_C,OPC,SAS,979.9271363861376
SRV,P_C,OPC,XLC,399.0276147819693
SRV,P_C,OPC,ROW,1218.521798270474
SRV,P_C,SAS,CHN,8.50009621664395
SRV,P_C,SAS,XEA,266.00083780482805
SRV,P_C,SAS,USA,220.539464416526
SRV,P_C,SAS,RUS,1.2511199998515992
SRV,P_C,SAS,EUR,631.3113312981317
SRV,P_C,SAS,XOE,262.23960408033395
SRV,P_C,SAS,OPC,599.1212433528837
SRV,P_C,SAS,SAS,165.0247423656716
SRV,P_C,SAS,XLC,6.06422072786736
SRV,P_C,SAS,ROW,610.2758572971912
SRV,P_C,XLC,CHN,5.749626974796943
SRV,P_C,XLC,XEA,22.57061352634758
SRV,P_C,XLC,USA,537.3704495643125
SRV,P_C,XLC,RUS,0.38192656119829727
SRV,P_C,XLC,EUR,92.85018332829533
SRV,P_C,XLC,XOE,37.070373727527134
SRV,P_C,XLC,OPC,141.78346027816295
SRV,P_C,XLC,SAS,1.699783142324136
SRV,P_C,XLC,XLC,318.28937950877713
SRV,P_C,XLC,ROW,32.037817881733716
SRV,P_C,ROW,CHN,3.4975035670172914
SRV,P_C,ROW,XEA,30.206869083909236
SRV,P_C,ROW,USA,67.88054654421119
SRV,P_C,ROW,RUS,220.25314878521425
SRV,P_C,ROW,EUR,827.3397446715691
SRV,P_C,ROW,XOE,14.237263850069937
SRV,P_C,ROW,OPC,246.7024676064534
SRV,P_C,ROW,SAS,10.860108469547137
SRV,P_C,ROW,XLC,8.209585062286099
SRV,P_C,ROW,ROW,774.0307619223024
SRV,AGR,CHN,XEA,940.8279987055305
SRV,AGR,CHN,USA,101.0947661134459
SRV,AGR,CHN,RUS,182.56307177279655
SRV,AGR,CHN,EUR,191.96582281899114
SRV,AGR,CHN,XOE,463.05905835507843
SRV,AGR,CHN,OPC,149.31038675737426
SRV,AGR,CHN,SAS,119.29394158806383
SRV,AGR,CHN,XLC,33.31758429149834
SRV,AGR,CHN,ROW,81.6548379289426
SRV,AGR,XEA,CHN,887.0333710268035
SRV,AGR,XEA,XEA,608.9365104355169
SRV,AGR,XEA,USA,152.04327278496834
SRV,AGR,XEA,RUS,24.64097000198833
SRV,AGR,XEA,EUR,240.04594173304
SRV,AGR,XEA,XOE,506.4711116378987
SRV,AGR,XEA,OPC,103.95490094198014
SRV,AGR,XEA,SAS,115.75352538456868
SRV,AGR,XEA,XLC,8.46090506732729
SRV,AGR,XEA,ROW,26.35536500528419
SRV,AGR,USA,CHN,3282.332211709682
SRV,AGR,USA,XEA,1305.3146174152457
SRV,AGR,USA,RUS,31.102838909139173
SRV,AGR,USA,EUR,172.06091879439248
SRV,AGR,USA,XOE,3272.4800419322105
SRV,AGR,USA,OPC,606.0777854448303
SRV,AGR,USA,SAS,91.31433136365756
SRV,AGR,USA,XLC,1771.501237693996
SRV,AGR,USA,ROW,638.027867630004
SRV,AGR,RUS,CHN,1.167767085546101
SRV,AGR,RUS,XEA,2.9278989848975843
SRV,AGR,RUS,USA,1.6309752312387935
SRV,AGR,RUS,EUR,59.29959248239162
SRV,AGR,RUS,XOE,1.7873182882928678
SRV,AGR,RUS,OPC,80.17525156944217
SRV,AGR,RUS,SAS,11.148609877303514
SRV,AGR,RUS,XLC,0.01782248610794651
SRV,AGR,RUS,ROW,399.6371086693936
SRV,AGR,EUR,CHN,81.36759877810802
SRV,AGR,EUR,XEA,81.29531097659955
SRV,AGR,EUR,USA,186.4363285940119
SRV,AGR,EUR,RUS,694.3216721340835
SRV,AGR,EUR,EUR,3670.315813324867
SRV,AGR,EUR,XOE,115.72782043021601
SRV,AGR,EUR,OPC,625.9928961861322
SRV,AGR,EUR,SAS,21.182380412157087
SRV,AGR,EUR,XLC,39.60812133616738
SRV,AGR,EUR,ROW,1018.8488127241152
SRV,AGR,XOE,CHN,491.10488231331203
SRV,AGR,XOE,XEA,656.5705011873549
SRV,AGR,XOE,USA,974.7938512972638
SRV,AGR,XOE,RUS,18.112471472074645
SRV,AGR,XOE,EUR,299.6968148089283
SRV,AGR,XOE,XOE,873.4679018949171
SRV,AGR,XOE,OPC,324.9960076484325
SRV,AGR,XOE,SAS,268.6187590164811
SRV,AGR,XOE,XLC,213.67836654855108
SRV,AGR,XOE,ROW,170.8532296659392
SRV,AGR,OPC,CHN,2731.2361461584683
SRV,AGR,OPC,XEA,243.3754263221322
SRV,AGR,OPC,USA,165.28530118618576
SRV,AGR,OPC,RUS,106.504728280055
SRV,AGR,OPC,EUR,1237.9413600002306
SRV,AGR,OPC,XOE,238.5818765110305
SRV,AGR,OPC,OPC,1105.3104497613115
SRV,AGR,OPC,SAS,49.87944054278843
SRV,AGR,OPC,XLC,85.77166795704342
SRV,AGR,OPC,ROW,294.92576628953566
SRV,AGR,SAS,CHN,196.35394144398938
SRV,AGR,SAS,XEA,337.0371089434472
SRV,AGR,SAS,USA,78.9915191609893
SRV,AGR,SAS,RUS,80.46001898407057
SRV,AGR,SAS,EUR,222.46650152547113
SRV,AGR,SAS,XOE,49.639346746902845
SRV,AGR,SAS,OPC,310.19359730092356
SRV,AGR,SAS,SAS,486.0800516728916
SRV,AGR,SAS,XLC,22.778551544148286
SRV,AGR,SAS,ROW,82.09132251211001
SRV,AGR,XLC,CHN,1271.016396968904
SRV,AGR,XLC,XEA,236.057184243988
SRV,AGR,XLC,USA,5530.428550296499
SRV,AGR,XLC,RUS,313.41959467475516
SRV,AGR,XLC,EUR,2203.1346865531286
SRV,AGR,XLC,XOE,694.2504949127134
SRV,AGR,XLC,OPC,685.2542901557772
SRV,AGR,XLC,SAS,19.6500654276519
SRV,AGR,XLC,XLC,697.6314349064248
SRV,AGR,XLC,ROW,373.88286960320346
SRV,AGR,ROW,CHN,174.62642903965076
SRV,AGR,ROW,XEA,198.1956329037034
SRV,AGR,ROW,USA,195.699339567821
SRV,AGR,ROW,RUS,1024.4263540535162
SRV,AGR,ROW,EUR,3010.0857492222785
SRV,AGR,ROW,XOE,128.97688985392804
SRV,AGR,ROW,OPC,1124.8952851746676
SRV,AGR,ROW,SAS,175.78626664190088
SRV,AGR,ROW,XLC,53.40701357159366
SRV,AGR,ROW,ROW,1007.2789717717498
SRV,OXT,CHN,XEA,194.17775938846637
SRV,OXT,CHN,USA,135.64607531528094
SRV,OXT,CHN,RUS,9.743457913287095
SRV,OXT,CHN,EUR,165.04274181690303
SRV,OXT,CHN,XOE,258.21539187144265
SRV,OXT,CHN,OPC,22.045186736180792
SRV,OXT,CHN,SAS,32.404882309749524
SRV,OXT,CHN,XLC,15.156955541713543
SRV,OXT,CHN,ROW,38.94790717960846
SRV,OXT,XEA,CHN,4497.470783091739
SRV,OXT,XEA,XEA,846.3541316926992
SRV,OXT,XEA,USA,42.18297328603719
SRV,OXT,XEA,RUS,9.34921495396738
SRV,OXT,XEA,EUR,646.24574968231
SRV,OXT,XEA,XOE,3668.626655250908
SRV,OXT,XEA,OPC,4.207066738603921
SRV,OXT,XEA,SAS,1323.8840341926639
SRV,OXT,XEA,XLC,7.630884199367703
SRV,OXT,XEA,ROW,20.04545902864257
SRV,OXT,USA,CHN,912.5321701984915
SRV,OXT,USA,XEA,54.19856956378811
SRV,OXT,USA,RUS,1.9238317592169232
SRV,OXT,USA,EUR,85.44189253266818
SRV,OXT,USA,XOE,925.4751717939407
SRV,OXT,USA,OPC,58.65100023622693
SRV,OXT,USA,SAS,5.663220433964205
SRV,OXT,USA,XLC,310.8910803487016
SRV,OXT,USA,ROW,17.283910395529638
SRV,OXT,RUS,CHN,489.58862546640415
SRV,OXT,RUS,XEA,16.54462381058496
SRV,OXT,RUS,USA,1.7800445917226357
SRV,OXT,RUS,EUR,272.88402187108926
SRV,OXT,RUS,XOE,10.649004332336458
SRV,OXT,RUS,OPC,52.56462396687844
SRV,OXT,RUS,SAS,21.320363182460472
SRV,OXT,RUS,XLC,3.114451591843679
SRV,OXT,RUS,ROW,123.10100316691651
SRV,OXT,EUR,CHN,322.4532044015228
SRV,OXT,EUR,XEA,122.72681280024605
SRV,OXT,EUR,USA,60.34861244565304
SRV,OXT,EUR,RUS,53.59705111504736
SRV,OXT,EUR,EUR,1443.4377376822358
SRV,OXT,EUR,XOE,75.3343362671352
SRV,OXT,EUR,OPC,279.5515071734427
SRV,OXT,EUR,SAS,44.3026048136178
SRV,OXT,EUR,XLC,47.674638648684095
SRV,OXT,EUR,ROW,1214.9946734607809
SRV,OXT,XOE,CHN,9672.547276437332
SRV,OXT,XOE,XEA,679.4564816966162
SRV,OXT,XOE,USA,654.7760212501993
SRV,OXT,XOE,RUS,0.46740636814658937
SRV,OXT,XOE,EUR,369.3451690216692
SRV,OXT,XOE,XOE,7510.261810470005
SRV,OXT,XOE,OPC,57.45524479349253
SRV,OXT,XOE,SAS,1747.4593397162694
SRV,OXT,XOE,XLC,104.38941711744548
SRV,OXT,XOE,ROW,86.02446694462111
SRV,OXT,OPC,CHN,4988.760335792244
SRV,OXT,OPC,XEA,372.53137586910225
SRV,OXT,OPC,USA,104.2899773513457
SRV,OXT,OPC,RUS,73.97127563384976
SRV,OXT,OPC,EUR,2358.5145168761724
SRV,OXT,OPC,XOE,1497.0243634071678
SRV,OXT,OPC,OPC,702.9921561023643
SRV,OXT,OPC,SAS,786.2956361591378
SRV,OXT,OPC,XLC,314.71888528929594
SRV,OXT,OPC,ROW,445.2393497988146
SRV,OXT,SAS,CHN,1291.864996151709
SRV,OXT,SAS,XEA,88.77032040959274
SRV,OXT,SAS,USA,15.292947519237206
SRV,OXT,SAS,RUS,3.5296728446456047
SRV,OXT,SAS,EUR,133.94032144645575
SRV,OXT,SAS,XOE,112.79235004262561
SRV,OXT,SAS,OPC,76.49673512422866
SRV,OXT,SAS,SAS,56.43865767294015
SRV,OXT,SAS,XLC,4.49929498804958
SRV,OXT,SAS,ROW,19.917602472610394
SRV,OXT,XLC,CHN,9761.978726556872
SRV,OXT,XLC,XEA,363.7706552902713
SRV,OXT,XLC,USA,358.15852810570163
SRV,OXT,XLC,RUS,0.14968970123357278
SRV,OXT,XLC,EUR,3786.3676453777994
SRV,OXT,XLC,XOE,9280.566322272693
SRV,OXT,XLC,OPC,913.9054839439165
SRV,OXT,XLC,SAS,2066.6083127160887
SRV,OXT,XLC,XLC,390.008176812445
SRV,OXT,XLC,ROW,692.9977158470463
SRV,OXT,ROW,CHN,3893.5466582757927
SRV,OXT,ROW,XEA,206.4659265842222
SRV,OXT,ROW,USA,162.58783329209516
SRV,OXT,ROW,RUS,141.8188954854823
SRV,OXT,ROW,EUR,1544.287092197745
SRV,OXT,ROW,XOE,357.03550796391784
SRV,OXT,ROW,OPC,111.31305972365418
SRV,OXT,ROW,SAS,527.3453161271364
SRV,OXT,ROW,XLC,64.84563899562224
SRV,OXT,ROW,ROW,1953.1318652930793
SRV,EIT,CHN,XEA,3559.3159450212224
SRV,EIT,CHN,USA,3913.4998364777753
SRV,EIT,CHN,RUS,567.5589716127412
SRV,EIT,CHN,EUR,3808.554041127438
SRV,EIT,CHN,XOE,4453.917552091607
SRV,EIT,CHN,OPC,2709.964790965426
SRV,EIT,CHN,SAS,1695.266960363095
SRV,EIT,CHN,XLC,1287.3410168708074
SRV,EIT,CHN,ROW,1802.5507713785958
SRV,EIT,XEA,CHN,6026.324616989233
SRV,EIT,XEA,XEA,5421.329784753014
SRV,EIT,XEA,USA,1502.2906138607018
SRV,EIT,XEA,RUS,67.30805159349127
SRV,EIT,XEA,EUR,1633.175124389092
SRV,EIT,XEA,XOE,2912.7744219798155
SRV,EIT,XEA,OPC,843.9613805818176
SRV,EIT,XEA,SAS,1066.7479878603153
SRV,EIT,XEA,XLC,261.0748961868238
SRV,EIT,XEA,ROW,634.6836424422398
SRV,EIT,USA,CHN,2314.5071063595233
SRV,EIT,USA,XEA,1860.9079416455993
SRV,EIT,USA,RUS,160.1972484443432
SRV,EIT,USA,EUR,1182.444307476602
SRV,EIT,USA,XOE,6478.672005445321
SRV,EIT,USA,OPC,1506.8679415242036
SRV,EIT,USA,SAS,631.0206075680882
SRV,EIT,USA,XLC,5776.017952060433
SRV,EIT,USA,ROW,999.3994188406206
SRV,EIT,RUS,CHN,489.9975902483318
SRV,EIT,RUS,XEA,377.19950488113943
SRV,EIT,RUS,USA,338.7482892308933
SRV,EIT,RUS,EUR,1500.1384658211323
SRV,EIT,RUS,XOE,150.25975759846642
SRV,EIT,RUS,OPC,570.5499870205801
SRV,EIT,RUS,SAS,186.0016314725994
SRV,EIT,RUS,XLC,202.0131892289344
SRV,EIT,RUS,ROW,1152.0105523129937
SRV,EIT,EUR,CHN,2682.4881643462763
SRV,EIT,EUR,XEA,2059.698254003027
SRV,EIT,EUR,USA,3767.6696865802423
SRV,EIT,EUR,RUS,2286.25729628809
SRV,EIT,EUR,EUR,23087.224896721153
SRV,EIT,EUR,XOE,2627.601403384711
SRV,EIT,EUR,OPC,3924.1675544888544
SRV,EIT,EUR,SAS,1129.1774229537073
SRV,EIT,EUR,XLC,1569.7792279218768
SRV,EIT,EUR,ROW,7320.881470783125
SRV,EIT,XOE,CHN,7499.325413207301
SRV,EIT,XOE,XEA,6369.0546904554785
SRV,EIT,XOE,USA,7139.895540782923
SRV,EIT,XOE,RUS,272.7555923575185
SRV,EIT,XOE,EUR,1524.9206301100105
SRV,EIT,XOE,XOE,3829.0450541600826
SRV,EIT,XOE,OPC,1410.5443677811502
SRV,EIT,XOE,SAS,979.1363149557492
SRV,EIT,XOE,XLC,881.4192225653161
SRV,EIT,XOE,ROW,705.0780831611357
SRV,EIT,OPC,CHN,1566.6528738152465
SRV,EIT,OPC,XEA,805.6955168339746
SRV,EIT,OPC,USA,1037.1601109078972
SRV,EIT,OPC,RUS,35.07913953123306
SRV,EIT,OPC,EUR,1536.9828760827736
SRV,EIT,OPC,XOE,670.3845177525592
SRV,EIT,OPC,OPC,2242.507170663304
SRV,EIT,OPC,SAS,1084.649832008635
SRV,EIT,OPC,XLC,1122.5417068517654
SRV,EIT,OPC,ROW,1043.3496009782114
SRV,EIT,SAS,CHN,238.42542249372352
SRV,EIT,SAS,XEA,319.7908504688646
SRV,EIT,SAS,USA,442.1468633106934
SRV,EIT,SAS,RUS,28.31318137673069
SRV,EIT,SAS,EUR,685.0013760359797
SRV,EIT,SAS,XOE,239.0078690952103
SRV,EIT,SAS,OPC,566.3463879524189
SRV,EIT,SAS,SAS,574.423557168542
SRV,EIT,SAS,XLC,122.58563511090138
SRV,EIT,SAS,ROW,464.56600189051005
SRV,EIT,XLC,CHN,356.92398062418397
SRV,EIT,XLC,XEA,166.9975593626828
SRV,EIT,XLC,USA,2769.9256079531724
SRV,EIT,XLC,RUS,12.708120834991298
SRV,EIT,XLC,EUR,643.3871030916222
SRV,EIT,XLC,XOE,319.5436779387178
SRV,EIT,XLC,OPC,922.078312406585
SRV,EIT,XLC,SAS,32.948966731358006
SRV,EIT,XLC,XLC,2291.6004141207304
SRV,EIT,XLC,ROW,70.84047786123841
SRV,EIT,ROW,CHN,581.1682590796521
SRV,EIT,ROW,XEA,615.6835552051143
SRV,EIT,ROW,USA,784.5860123756253
SRV,EIT,ROW,RUS,743.2092814825102
SRV,EIT,ROW,EUR,3943.2451479567458
SRV,EIT,ROW,XOE,401.6048369877014
SRV,EIT,ROW,OPC,2432.8749055823637
SRV,EIT,ROW,SAS,1007.1765239820791
SRV,EIT,ROW,XLC,226.90297139184986
SRV,EIT,ROW,ROW,3847.4790569869865
SRV,XMN,CHN,XEA,7300.802118933099
SRV,XMN,CHN,USA,17917.852309304526
SRV,XMN,CHN,RUS,1816.8031160112403
SRV,XMN,CHN,EUR,16000.845818081223
SRV,XMN,CHN,XOE,12021.780888241417
SRV,XMN,CHN,OPC,5868.515677488188
SRV,XMN,CHN,SAS,2489.7169448542386
SRV,XMN,CHN,XLC,3515.905222249398
SRV,XMN,CHN,ROW,4643.514695838757
SRV,XMN,XEA,CHN,5170.9273096181405
SRV,XMN,XEA,XEA,7588.646452970472
SRV,XMN,XEA,USA,6169.1093234086775
SRV,XMN,XEA,RUS,279.8259850571143
SRV,XMN,XEA,EUR,5585.777072741982
SRV,XMN,XEA,XOE,5925.087738739133
SRV,XMN,XEA,OPC,2021.2246068840298
SRV,XMN,XEA,SAS,2360.9787767856474
SRV,XMN,XEA,XLC,804.1737426649923
SRV,XMN,XEA,ROW,1775.9996872399902
SRV,XMN,USA,CHN,1929.300273459586
SRV,XMN,USA,XEA,2093.7928250832683
SRV,XMN,USA,RUS,417.6005213474676
SRV,XMN,USA,EUR,1388.5930566907368
SRV,XMN,USA,XOE,9777.2254356079
SRV,XMN,USA,OPC,2119.90935696812
SRV,XMN,USA,SAS,406.3917938688424
SRV,XMN,USA,XLC,6732.136232129361
SRV,XMN,USA,ROW,1241.8381638658218
SRV,XMN,RUS,CHN,242.48325752041688
SRV,XMN,RUS,XEA,57.006333406872564
SRV,XMN,RUS,USA,50.44263940381191
SRV,XMN,RUS,EUR,487.37286491539527
SRV,XMN,RUS,XOE,236.68555516998165
SRV,XMN,RUS,OPC,182.12549625301529
SRV,XMN,RUS,SAS,40.83468407751053
SRV,XMN,RUS,XLC,10.260215335299133
SRV,XMN,RUS,ROW,757.3523947149472
SRV,XMN,EUR,CHN,4972.718410538357
SRV,XMN,EUR,XEA,3002.7205065080852
SRV,XMN,EUR,USA,7294.036163003864
SRV,XMN,EUR,RUS,4628.631337804619
SRV,XMN,EUR,EUR,31904.000104502844
SRV,XMN,EUR,XOE,5601.186183150203
SRV,XMN,EUR,OPC,6800.317576306549
SRV,XMN,EUR,SAS,1279.8965106270393
SRV,XMN,EUR,XLC,2373.6329051234743
SRV,XMN,EUR,ROW,11751.081671471537
SRV,XMN,XOE,CHN,6767.518731984352
SRV,XMN,XOE,XEA,6439.644837096739
SRV,XMN,XOE,USA,11193.35656604027
SRV,XMN,XOE,RUS,834.378850180554
SRV,XMN,XOE,EUR,4844.647143976109
SRV,XMN,XOE,XOE,4328.284834525981
SRV,XMN,XOE,OPC,2549.7779529828467
SRV,XMN,XOE,SAS,815.1745010974207
SRV,XMN,XOE,XLC,1860.7277170035234
SRV,XMN,XOE,ROW,1344.453578007323
SRV,XMN,OPC,CHN,287.6423059049639
SRV,XMN,OPC,XEA,364.498889244869
SRV,XMN,OPC,USA,540.5810697120068
SRV,XMN,OPC,RUS,234.2897915289742
SRV,XMN,OPC,EUR,1277.709897736932
SRV,XMN,OPC,XOE,355.9240935563847
SRV,XMN,OPC,OPC,2751.3100891451663
SRV,XMN,OPC,SAS,314.18250657695995
SRV,XMN,OPC,XLC,1476.0704693941398
SRV,XMN,OPC,ROW,1285.014313285002
SRV,XMN,SAS,CHN,317.0086266664231
SRV,XMN,SAS,XEA,709.9589017753017
SRV,XMN,SAS,USA,1570.555864607144
SRV,XMN,SAS,RUS,94.19046158630005
SRV,XMN,SAS,EUR,2914.5184006943714
SRV,XMN,SAS,XOE,580.861161967832
SRV,XMN,SAS,OPC,1699.329203862929
SRV,XMN,SAS,SAS,702.1547230391502
SRV,XMN,SAS,XLC,221.05529950160766
SRV,XMN,SAS,ROW,1090.1514744753167
SRV,XMN,XLC,CHN,494.1420973564321
SRV,XMN,XLC,XEA,445.5961012314469
SRV,XMN,XLC,USA,10026.253804270913
SRV,XMN,XLC,RUS,117.54580273287405
SRV,XMN,XLC,EUR,1307.224086415829
SRV,XMN,XLC,XOE,1271.8647979016594
SRV,XMN,XLC,OPC,1983.532367884332
SRV,XMN,XLC,SAS,214.7505634091452
SRV,XMN,XLC,XLC,3081.217602522304
SRV,XMN,XLC,ROW,415.93414166967517
SRV,XMN,ROW,CHN,192.92059519042104
SRV,XMN,ROW,XEA,217.99970933452198
SRV,XMN,ROW,USA,875.7320133712502
SRV,XMN,ROW,RUS,1477.0854321021575
SRV,XMN,ROW,EUR,8252.311523552009
SRV,XMN,ROW,XOE,367.3149108846089
SRV,XMN,ROW,OPC,2142.8851086624404
SRV,XMN,ROW,SAS,192.9547507524566
SRV,XMN,ROW,XLC,116.18073563248666
SRV,XMN,ROW,ROW,3073.1430182428694
